product,quantity,unit_price,total_amount,ordered_date
Organic Fertilizer,7,15,105,2021-11-01
Organic Fertilizer,9,15,135,2021-11-01
Unscreened Coco Peat,7,200,1400,2021-11-02
Unscreened Coco Peat,10,200,2000,2021-11-03
Unscreened Coco Peat,9,200,1800,2021-11-03
Coconut Husk Pole,4,35,140,2021-11-04
Coconut Cup,1,350,350,2021-11-05
Coconut Mug,3,350,1050,2021-11-05
Woven Rattan Storage Basket,4,400,1600,2021-11-06
Plant Stand,3,200,600,2021-11-07
Unscreened Coco Peat,9,200,1800,2021-11-08
Unscreened Coco Peat,8,200,1600,2021-11-08
Coconut Shell Briquettes,8,90,720,2021-11-09
Coconut Wood Spatula,1,75,75,2021-11-10
Woven Rattan Storage Basket,3,400,1200,2021-11-10
Coconut Shell Ladle,2,75,150,2021-11-11
Coconut Rope,7,35,245,2021-11-12
Coconut Husk Pole,4,50,200,2021-11-13
Coconut Cup,3,350,1050,2021-11-13
Woven Rattan Storage Basket,4,400,1600,2021-11-14
Plant Stand,3,200,600,2021-11-15
Coconut Shell Briquettes,9,90,810,2021-11-15
Organic Fertilizer,10,15,150,2021-11-16
Screened Coco Peat,10,250,2500,2021-11-17
Screened Coco Peat,7,250,1750,2021-11-18
Unscreened Coco Peat,8,200,1600,2021-11-18
Unscreened Coco Peat,10,200,2000,2021-11-19
Unscreened Coco Peat,10,200,2000,2021-11-20
Coconut Rope,7,35,245,2021-11-20
Coconut Husk Pole,7,65,455,2021-11-21
Coconut Mug,2,350,700,2021-11-22
Large Woven Rattan Storage,2,450,900,2021-11-23
Woven Rattan Storage Basket,1,400,400,2021-11-23
Screened Coco Peat,7,250,1750,2021-11-24
Unscreened Coco Peat,8,200,1600,2021-11-25
Coconut Husk Pole,6,50,300,2021-11-25
Coconut Mug,3,350,1050,2021-11-26
Organic Fertilizer,10,15,150,2021-11-27
Screened Coco Peat,10,250,2500,2021-11-28
Screened Coco Peat,6,250,1500,2021-11-28
Screened Coco Peat,6,250,1500,2021-11-29
Coconut Rope,7,35,245,2021-11-30
Coconut Shell Briquettes,8,90,720,2021-11-30
Coconut Shell Briquettes,8,90,720,2021-12-01
Woven Rattan Storage Basket,4,400,1600,2021-12-02
Coconut Shell Small Spoon,4,75,300,2021-12-02
Screened Coco Peat,8,250,2000,2021-12-03
Coconut Coir,9,12,108,2021-12-04
Coconut Cup,2,350,700,2021-12-05
Unscreened Coco Peat,8,200,1600,2021-12-05
Unscreened Coco Peat,9,200,1800,2021-12-06
Coconut Husk Pole,8,35,280,2021-12-07
Coconut Shell Briquettes,6,90,540,2021-12-07
Coconut Cup,2,350,700,2021-12-08
Coconut Shell Rice Scoop,3,75,225,2021-12-09
Screened Coco Peat,6,250,1500,2021-12-10
Coconut Coir,7,12,84,2021-12-10
Coconut Shell Briquettes,7,90,630,2021-12-11
Coconut Shell Briquettes,8,90,720,2021-12-12
Coconut Cup,1,350,350,2021-12-12
Keychain,3,30,90,2021-12-13
Woven Rattan Storage Basket,3,400,1200,2021-12-14
Woven Rattan Storage Basket,3,400,1200,2021-12-15
Woven Rattan Storage Basket,2,400,800,2021-12-15
Coconut Shell Small Spoon,2,75,150,2021-12-16
Organic Fertilizer,11,15,165,2021-12-17
Organic Fertilizer,9,15,135,2021-12-17
Organic Fertilizer,9,15,135,2021-12-18
Screened Coco Peat,7,250,1750,2021-12-19
Coconut Rope,5,35,175,2021-12-20
Coconut Rope,7,35,245,2021-12-20
Coconut Cup,3,350,1050,2021-12-21
Coconut Cup,3,350,1050,2021-12-22
Coconut Mug,3,350,1050,2021-12-22
Coconut Mug,2,350,700,2021-12-23
Plant Stand,3,200,600,2021-12-24
Plant Stand,3,200,600,2021-12-25
Organic Fertilizer,10,15,150,2021-12-25
Screened Coco Peat,7,250,1750,2021-12-26
Unscreened Coco Peat,6,200,1200,2021-12-27
Coconut Rope,8,35,280,2021-12-27
Coconut Coir,7,12,84,2021-12-28
Coconut Husk Hanging Planter,1,50,50,2021-12-29
Coconut Shell Small Spoon,2,75,150,2021-12-29
Coconut Coir,10,12,120,2021-12-30
Coconut Shell Briquettes,9,90,810,2021-12-31
Coconut Cup,2,350,700,2022-01-01
Coconut Shell Rice Scoop,1,75,75,2022-01-01
Large Woven Rattan Storage,4,450,1800,2022-01-02
Plant Stand,2,200,400,2022-01-03
Plant Stand,3,200,600,2022-01-03
Screened Coco Peat,9,250,2250,2022-01-04
Coconut Coir,9,12,108,2022-01-05
Coconut Husk Pole,7,65,455,2022-01-06
Coconut Cup,1,350,350,2022-01-06
Coconut Cup,1,350,350,2022-01-07
Large Woven Rattan Storage,3,450,1350,2022-01-08
Large Woven Rattan Storage,4,450,1800,2022-01-08
Large Woven Rattan Storage,3,450,1350,2022-01-09
Large Woven Rattan Storage,2,450,900,2022-01-10
Large Woven Rattan Storage,4,450,1800,2022-01-11
Organic Fertilizer,9,15,135,2022-01-11
Screened Coco Peat,6,250,1500,2022-01-12
Coconut Rope,8,35,280,2022-01-13
Coconut Shell Briquettes,8,90,720,2022-01-13
Coconut Cup,2,350,700,2022-01-14
Coconut Mug,2,350,700,2022-01-15
Woven Rattan Storage Basket,1,400,400,2022-01-16
Plant Stand,3,200,600,2022-01-16
Chopped Coconut Husk,3,30,90,2022-01-17
Screened Coco Peat,6,250,1500,2022-01-18
Unscreened Coco Peat,10,200,2000,2022-01-18
Coconut Rope,5,35,175,2022-01-19
Coconut Husk Pole,4,35,140,2022-01-20
Coconut Husk Pole,4,80,320,2022-01-21
Coconut Shell Briquettes,7,90,630,2022-01-21
Woven Rattan Storage Basket,2,400,800,2022-01-22
Organic Fertilizer,11,15,165,2022-01-23
Unscreened Coco Peat,7,200,1400,2022-01-23
Coconut Rope,6,35,210,2022-01-24
Coconut Rope,9,35,315,2022-01-25
Coconut Husk Pole,7,35,245,2022-01-25
Coconut Shell Briquettes,5,90,450,2022-01-26
Coconut Bowl,2,20,40,2022-01-27
Coconut Cup,2,350,700,2022-01-28
Coconut Mug,2,350,700,2022-01-28
Large Woven Rattan Storage,3,450,1350,2022-01-29
Plant Stand,1,200,200,2022-01-30
Coconut Husk Hanging Planter,2,50,100,2022-01-30
Coconut Shell Ladle,3,75,225,2022-01-31
Organic Fertilizer,9,15,135,2022-02-01
Screened Coco Peat,6,250,1500,2022-02-02
Coconut Rope,6,35,210,2022-02-02
Coconut Rope,9,35,315,2022-02-03
Coconut Husk Pole,5,80,400,2022-02-04
Coconut Shell Briquettes,9,90,810,2022-02-04
Coconut Cup,2,350,700,2022-02-05
Woven Rattan Storage Basket,3,400,1200,2022-02-06
Plant Stand,2,200,400,2022-02-07
Coconut Coir,7,12,84,2022-02-07
Coconut Husk Pole,8,65,520,2022-02-08
Coconut Shell Briquettes,5,90,450,2022-02-09
Coconut Shell Briquettes,6,90,540,2022-02-09
Large Woven Rattan Storage,2,450,900,2022-02-10
Organic Fertilizer,7,15,105,2022-02-11
Screened Coco Peat,7,250,1750,2022-02-12
Screened Coco Peat,7,250,1750,2022-02-12
Screened Coco Peat,6,250,1500,2022-02-13
Screened Coco Peat,7,250,1750,2022-02-14
Coconut Husk Pole,8,35,280,2022-02-14
Coconut Husk Pole,5,80,400,2022-02-15
Coconut Husk Pole,4,80,320,2022-02-16
Coconut Shell Briquettes,6,90,540,2022-02-17
Coconut Mug,2,350,700,2022-02-17
Plant Stand,3,200,600,2022-02-18
Organic Fertilizer,11,15,165,2022-02-19
Screened Coco Peat,8,250,2000,2022-02-19
Screened Coco Peat,8,250,2000,2022-02-20
Unscreened Coco Peat,9,200,1800,2022-02-21
Coconut Husk Pole,5,65,325,2022-02-21
Coconut Husk Pole,7,65,455,2022-02-22
Coconut Shell Briquettes,9,90,810,2022-02-23
Large Woven Rattan Storage,4,450,1800,2022-02-24
Woven Rattan Storage Basket,3,400,1200,2022-02-24
Organic Fertilizer,10,15,150,2022-02-25
Screened Coco Peat,8,250,2000,2022-02-26
Screened Coco Peat,7,250,1750,2022-02-26
Unscreened Coco Peat,9,200,1800,2022-02-27
Unscreened Coco Peat,6,200,1200,2022-02-28
Coconut Rope,9,35,315,2022-03-01
Woven Rattan Storage Basket,1,400,400,2022-03-01
Plant Stand,3,200,600,2022-03-02
Coconut Coir,10,12,120,2022-03-03
Coconut Shell Briquettes,7,90,630,2022-03-03
Large Woven Rattan Storage,3,450,1350,2022-03-04
Large Woven Rattan Storage,4,450,1800,2022-03-05
Woven Rattan Storage Basket,2,400,800,2022-03-06
Organic Fertilizer,7,15,105,2022-03-06
Screened Coco Peat,7,250,1750,2022-03-07
Coconut Rope,7,35,245,2022-03-08
Coconut Mug,3,350,1050,2022-03-08
Coconut Mug,2,350,700,2022-03-09
Coconut Mug,1,350,350,2022-03-10
Coconut Shell Rice Scoop,2,75,150,2022-03-11
Woven Rattan Storage Basket,2,400,800,2022-03-11
Woven Rattan Storage Basket,1,400,400,2022-03-12
Organic Fertilizer,7,15,105,2022-03-13
Screened Coco Peat,10,250,2500,2022-03-13
Screened Coco Peat,8,250,2000,2022-03-14
Coconut Rope,8,35,280,2022-03-15
Coconut Husk Pole,7,50,350,2022-03-16
Coconut Mug,3,350,1050,2022-03-16
Large Woven Rattan Storage,3,450,1350,2022-03-17
Large Woven Rattan Storage,2,450,900,2022-03-18
Plant Stand,3,200,600,2022-03-18
Coconut Cup,1,350,350,2022-03-19
Woven Rattan Storage Basket,4,400,1600,2022-03-20
Woven Rattan Storage Basket,2,400,800,2022-03-20
Plant Stand,3,200,600,2022-03-21
Coconut Shell Ladle,2,75,150,2022-03-22
Coconut Cup,3,350,1050,2022-03-23
Woven Rattan Storage Basket,2,400,800,2022-03-23
Screened Coco Peat,6,250,1500,2022-03-24
Screened Coco Peat,7,250,1750,2022-03-25
Unscreened Coco Peat,10,200,2000,2022-03-25
Unscreened Coco Peat,7,200,1400,2022-03-26
Coconut Rope,7,35,245,2022-03-27
Coconut Husk Pole,4,35,140,2022-03-28
Coconut Husk Pole,4,65,260,2022-03-28
Coconut Mug,1,350,350,2022-03-29
Coconut Shell Rice Scoop,2,75,150,2022-03-30
Large Woven Rattan Storage,2,450,900,2022-03-30
Coconut Husk Pole,8,80,640,2022-03-31
Coconut Husk Hanging Planter,1,50,50,2022-04-01
Unscreened Coco Peat,7,200,1400,2022-04-02
Unscreened Coco Peat,9,200,1800,2022-04-02
Coconut Rope,8,35,280,2022-04-03
Coconut Bowl,1,20,20,2022-04-04
Woven Rattan Storage Basket,2,400,800,2022-04-04
Plant Stand,3,200,600,2022-04-05
Plant Stand,3,200,600,2022-04-06
Chopped Coconut Husk,2,30,60,2022-04-07
Screened Coco Peat,7,250,1750,2022-04-07
Coconut Cup,2,350,700,2022-04-08
Coconut Mug,3,350,1050,2022-04-09
Screened Coco Peat,6,250,1500,2022-04-09
Screened Coco Peat,6,250,1500,2022-04-10
Woven Rattan Storage Basket,1,400,400,2022-04-11
Screened Coco Peat,10,250,2500,2022-04-12
Screened Coco Peat,9,250,2250,2022-04-12
Screened Coco Peat,7,250,1750,2022-04-13
Screened Coco Peat,10,250,2500,2022-04-14
Large Woven Rattan Storage,2,450,900,2022-04-14
Woven Rattan Storage Basket,3,400,1200,2022-04-15
Woven Rattan Storage Basket,2,400,800,2022-04-16
Plant Stand,3,200,600,2022-04-16
Organic Fertilizer,11,15,165,2022-04-17
Coconut Rope,6,35,210,2022-04-18
Coconut Shell Briquettes,7,90,630,2022-04-19
Coconut Cup,2,350,700,2022-04-19
Woven Rattan Storage Basket,3,400,1200,2022-04-20
Plant Stand,1,200,200,2022-04-21
Plant Stand,2,200,400,2022-04-21
Coconut Rope,9,35,315,2022-04-22
Coconut Shell Briquettes,8,90,720,2022-04-23
Coconut Cup,2,350,700,2022-04-24
Coconut Mug,1,350,350,2022-04-24
Large Woven Rattan Storage,2,450,900,2022-04-25
Large Woven Rattan Storage,4,450,1800,2022-04-26
Chopped Coconut Husk,4,30,120,2022-04-26
Screened Coco Peat,6,250,1500,2022-04-27
Screened Coco Peat,10,250,2500,2022-04-28
Unscreened Coco Peat,9,200,1800,2022-04-29
Woven Rattan Storage Basket,1,400,400,2022-04-29
Plant Stand,3,200,600,2022-04-30
Organic Fertilizer,7,15,105,2022-05-01
Organic Fertilizer,10,15,150,2022-05-01
Coconut Husk Pole,5,80,400,2022-05-02
Coconut Cup,2,350,700,2022-05-03
Organic Fertilizer,7,15,105,2022-05-04
Coconut Cup,3,350,1050,2022-05-04
Woven Rattan Storage Basket,3,400,1200,2022-05-05
Woven Rattan Storage Basket,2,400,800,2022-05-06
Plant Stand,2,200,400,2022-05-06
Coconut Husk Hanging Planter,2,50,100,2022-05-07
Organic Fertilizer,7,15,105,2022-05-08
Organic Fertilizer,10,15,150,2022-05-09
Screened Coco Peat,6,250,1500,2022-05-09
Large Woven Rattan Storage,4,450,1800,2022-05-10
Plant Stand,3,200,600,2022-05-11
Coconut Husk Pole,6,80,480,2022-05-11
Coconut Shell Briquettes,5,90,450,2022-05-12
Coconut Cup,2,350,700,2022-05-13
Coconut Mug,1,350,350,2022-05-13
Large Woven Rattan Storage,4,450,1800,2022-05-14
Large Woven Rattan Storage,2,450,900,2022-05-15
Woven Rattan Storage Basket,3,400,1200,2022-05-16
Organic Fertilizer,11,15,165,2022-05-16
Coconut Rope,8,35,280,2022-05-17
Coconut Mug,1,350,350,2022-05-18
Coconut Mug,2,350,700,2022-05-18
Large Woven Rattan Storage,3,450,1350,2022-05-19
Large Woven Rattan Storage,3,450,1350,2022-05-20
Plant Stand,1,200,200,2022-05-21
Plant Stand,1,200,200,2022-05-21
Screened Coco Peat,7,250,1750,2022-05-22
Screened Coco Peat,7,250,1750,2022-05-23
Unscreened Coco Peat,7,200,1400,2022-05-23
Unscreened Coco Peat,9,200,1800,2022-05-24
Coconut Cup,3,350,1050,2022-05-25
Large Woven Rattan Storage,2,450,900,2022-05-26
Woven Rattan Storage Basket,1,400,400,2022-05-26
Plant Stand,1,200,200,2022-05-27
Organic Fertilizer,7,15,105,2022-05-28
Unscreened Coco Peat,8,200,1600,2022-05-28
Unscreened Coco Peat,6,200,1200,2022-05-29
Unscreened Coco Peat,10,200,2000,2022-05-30
Coconut Coir,10,12,120,2022-05-31
Coconut Coir,7,12,84,2022-05-31
Coconut Shell Briquettes,9,90,810,2022-06-01
Woven Rattan Storage Basket,1,400,400,2022-06-02
Organic Fertilizer,9,15,135,2022-06-02
Screened Coco Peat,10,250,2500,2022-06-03
Screened Coco Peat,10,250,2500,2022-06-04
Coconut Cup,2,350,700,2022-06-05
Woven Rattan Storage Basket,3,400,1200,2022-06-05
Organic Fertilizer,11,15,165,2022-06-06
Screened Coco Peat,9,250,2250,2022-06-07
Screened Coco Peat,9,250,2250,2022-06-07
Coconut Mug,3,350,1050,2022-06-08
Unscreened Coco Peat,6,200,1200,2022-06-09
Coconut Mug,2,350,700,2022-06-09
Woven Rattan Storage Basket,3,400,1200,2022-06-10
Chopped Coconut Husk,2,30,60,2022-06-11
Unscreened Coco Peat,7,200,1400,2022-06-12
Coconut Rope,6,35,210,2022-06-12
Coconut Husk Pole,5,35,175,2022-06-13
Screened Coco Peat,7,250,1750,2022-06-14
Coconut Mug,1,350,350,2022-06-14
Large Woven Rattan Storage,2,450,900,2022-06-15
Woven Rattan Storage Basket,1,400,400,2022-06-16
Screened Coco Peat,8,250,2000,2022-06-17
Unscreened Coco Peat,7,200,1400,2022-06-17
Coconut Shell Briquettes,9,90,810,2022-06-18
Coconut Cup,2,350,700,2022-06-19
Coconut Cup,2,350,700,2022-06-19
Woven Rattan Storage Basket,3,400,1200,2022-06-20
Coconut Rope,7,35,245,2022-06-21
Coconut Mug,2,350,700,2022-06-22
Large Woven Rattan Storage,2,450,900,2022-06-22
Coconut Husk Hanging Planter,1,50,50,2022-06-23
Screened Coco Peat,10,250,2500,2022-06-24
Coconut Coir,7,12,84,2022-06-24
Coconut Cup,3,350,1050,2022-06-25
Coconut Mug,3,350,1050,2022-06-26
Large Woven Rattan Storage,4,450,1800,2022-06-27
Plant Stand,1,200,200,2022-06-27
Coconut Coir,6,12,72,2022-06-28
Coconut Cup,2,350,700,2022-06-29
Coconut Mug,2,350,700,2022-06-29
Woven Rattan Storage Basket,1,400,400,2022-06-30
Screened Coco Peat,10,250,2500,2022-07-01
Screened Coco Peat,6,250,1500,2022-07-02
Screened Coco Peat,9,250,2250,2022-07-02
Unscreened Coco Peat,9,200,1800,2022-07-03
Coconut Husk Pole,7,35,245,2022-07-04
Coconut Shell Briquettes,6,90,540,2022-07-04
Keychain,3,30,90,2022-07-05
Woven Rattan Storage Basket,2,400,800,2022-07-06
Woven Rattan Storage Basket,3,400,1200,2022-07-06
Screened Coco Peat,9,250,2250,2022-07-07
Coconut Shell Briquettes,8,90,720,2022-07-08
Coconut Cup,2,350,700,2022-07-09
Coconut Mug,1,350,350,2022-07-09
Woven Rattan Storage Basket,3,400,1200,2022-07-10
Coconut Cup,2,350,700,2022-07-11
Large Woven Rattan Storage,4,450,1800,2022-07-11
Coconut Husk Hanging Planter,1,50,50,2022-07-12
Coconut Shell Small Spoon,2,75,150,2022-07-13
Unscreened Coco Peat,9,200,1800,2022-07-14
Coconut Coir,10,12,120,2022-07-14
Coconut Coir,10,12,120,2022-07-15
Coconut Coir,10,12,120,2022-07-16
Coconut Husk Pole,8,65,520,2022-07-16
Woven Rattan Storage Basket,3,400,1200,2022-07-17
Screened Coco Peat,9,250,2250,2022-07-18
Screened Coco Peat,9,250,2250,2022-07-19
Unscreened Coco Peat,8,200,1600,2022-07-19
Coconut Rope,7,35,245,2022-07-20
Coconut Coir,9,12,108,2022-07-21
Coconut Husk Pole,7,35,245,2022-07-21
Coconut Cup,1,350,350,2022-07-22
Large Woven Rattan Storage,2,450,900,2022-07-23
Organic Fertilizer,9,15,135,2022-07-24
Screened Coco Peat,8,250,2000,2022-07-24
Coconut Coir,7,12,84,2022-07-25
Woven Rattan Storage Basket,3,400,1200,2022-07-26
Chopped Coconut Husk,2,30,60,2022-07-26
Screened Coco Peat,6,250,1500,2022-07-27
Screened Coco Peat,6,250,1500,2022-07-28
Screened Coco Peat,7,250,1750,2022-07-29
Coconut Coir,8,12,96,2022-07-29
Coconut Coir,7,12,84,2022-07-30
Coconut Husk Pole,6,35,210,2022-07-31
Coconut Cup,2,350,700,2022-07-31
Coconut Mug,2,350,700,2022-08-01
Large Woven Rattan Storage,3,450,1350,2022-08-02
Woven Rattan Storage Basket,1,400,400,2022-08-02
Organic Fertilizer,8,15,120,2022-08-03
Unscreened Coco Peat,6,200,1200,2022-08-04
Unscreened Coco Peat,7,200,1400,2022-08-05
Unscreened Coco Peat,6,200,1200,2022-08-05
Unscreened Coco Peat,6,200,1200,2022-08-06
Coconut Husk Pole,6,65,390,2022-08-07
Coconut Cup,2,350,700,2022-08-07
Large Woven Rattan Storage,3,450,1350,2022-08-08
Woven Rattan Storage Basket,2,400,800,2022-08-09
Plant Stand,2,200,400,2022-08-10
Screened Coco Peat,9,250,2250,2022-08-10
Coconut Rope,8,35,280,2022-08-11
Organic Fertilizer,11,15,165,2022-08-12
Organic Fertilizer,10,15,150,2022-08-12
Unscreened Coco Peat,8,200,1600,2022-08-13
Unscreened Coco Peat,10,200,2000,2022-08-14
Coconut Husk Pole,5,35,175,2022-08-15
Coconut Husk Pole,5,65,325,2022-08-15
Coconut Mug,1,350,350,2022-08-16
Coconut Mug,1,350,350,2022-08-17
Coconut Mug,1,350,350,2022-08-17
Large Woven Rattan Storage,3,450,1350,2022-08-18
Organic Fertilizer,9,15,135,2022-08-19
Screened Coco Peat,6,250,1500,2022-08-20
Screened Coco Peat,8,250,2000,2022-08-20
Unscreened Coco Peat,8,200,1600,2022-08-21
Coconut Cup,3,350,1050,2022-08-22
Coconut Mug,3,350,1050,2022-08-22
Large Woven Rattan Storage,2,450,900,2022-08-23
Woven Rattan Storage Basket,3,400,1200,2022-08-24
Plant Stand,2,200,400,2022-08-25
Organic Fertilizer,8,15,120,2022-08-25
Screened Coco Peat,6,250,1500,2022-08-26
Unscreened Coco Peat,9,200,1800,2022-08-27
Unscreened Coco Peat,9,200,1800,2022-08-27
Large Woven Rattan Storage,2,450,900,2022-08-28
Plant Stand,2,200,400,2022-08-29
Screened Coco Peat,9,250,2250,2022-08-29
Screened Coco Peat,7,250,1750,2022-08-30
Screened Coco Peat,7,250,1750,2022-08-31
Unscreened Coco Peat,8,200,1600,2022-09-01
Coconut Rope,8,35,280,2022-09-01
Coconut Rope,7,35,245,2022-09-02
Coconut Cup,1,350,350,2022-09-03
Large Woven Rattan Storage,2,450,900,2022-09-03
Woven Rattan Storage Basket,2,400,800,2022-09-04
Organic Fertilizer,10,15,150,2022-09-05
Organic Fertilizer,7,15,105,2022-09-06
Coconut Husk Pole,7,80,560,2022-09-06
Coconut Bowl,2,20,40,2022-09-07
Coconut Mug,2,350,700,2022-09-08
Coconut Shell Ladle,3,75,225,2022-09-08
Screened Coco Peat,7,250,1750,2022-09-09
Unscreened Coco Peat,7,200,1400,2022-09-10
Coconut Husk Pole,7,50,350,2022-09-11
Coconut Shell Briquettes,8,90,720,2022-09-11
Plant Stand,2,200,400,2022-09-12
Coconut Shell Ladle,3,75,225,2022-09-13
Screened Coco Peat,7,250,1750,2022-09-13
Screened Coco Peat,10,250,2500,2022-09-14
Coconut Husk Pole,7,50,350,2022-09-15
Coconut Cup,1,350,350,2022-09-16
Woven Rattan Storage Basket,2,400,800,2022-09-16
Woven Rattan Storage Basket,1,400,400,2022-09-17
Organic Fertilizer,11,15,165,2022-09-18
Screened Coco Peat,9,250,2250,2022-09-18
Coconut Rope,7,35,245,2022-09-19
Coconut Coir,7,12,84,2022-09-20
Coconut Bowl,1,20,20,2022-09-21
Large Woven Rattan Storage,2,450,900,2022-09-21
Large Woven Rattan Storage,2,450,900,2022-09-22
Woven Rattan Storage Basket,1,400,400,2022-09-23
Coconut Shell Ladle,2,75,150,2022-09-23
Unscreened Coco Peat,8,200,1600,2022-09-24
Coconut Coir,6,12,72,2022-09-25
Coconut Coir,9,12,108,2022-09-25
Coconut Shell Briquettes,6,90,540,2022-09-26
Coconut Cup,2,350,700,2022-09-27
Coconut Mug,2,350,700,2022-09-28
Woven Rattan Storage Basket,3,400,1200,2022-09-28
Woven Rattan Storage Basket,3,400,1200,2022-09-29
Woven Rattan Storage Basket,1,400,400,2022-09-30
Organic Fertilizer,10,15,150,2022-09-30
Coconut Shell Briquettes,6,90,540,2022-10-01
Organic Fertilizer,11,15,165,2022-10-02
Unscreened Coco Peat,7,200,1400,2022-10-03
Coconut Husk Pole,5,65,325,2022-10-03
Coconut Cup,2,350,700,2022-10-04
Coconut Mug,2,350,700,2022-10-05
Coconut Mug,2,350,700,2022-10-05
Large Woven Rattan Storage,2,450,900,2022-10-06
Woven Rattan Storage Basket,3,400,1200,2022-10-07
Woven Rattan Storage Basket,2,400,800,2022-10-08
Woven Rattan Storage Basket,4,400,1600,2022-10-08
Plant Stand,2,200,400,2022-10-09
Screened Coco Peat,6,250,1500,2022-10-10
Unscreened Coco Peat,7,200,1400,2022-10-10
Woven Rattan Storage Basket,4,400,1600,2022-10-11
Plant Stand,2,200,400,2022-10-12
Chopped Coconut Husk,3,30,90,2022-10-13
Organic Fertilizer,7,15,105,2022-10-13
Screened Coco Peat,7,250,1750,2022-10-14
Screened Coco Peat,7,250,1750,2022-10-15
Unscreened Coco Peat,10,200,2000,2022-10-15
Coconut Rope,6,35,210,2022-10-16
Coconut Cup,1,350,350,2022-10-17
Coconut Cup,1,350,350,2022-10-18
Large Woven Rattan Storage,2,450,900,2022-10-18
Woven Rattan Storage Basket,2,400,800,2022-10-19
Plant Stand,2,200,400,2022-10-20
Screened Coco Peat,8,250,2000,2022-10-20
Unscreened Coco Peat,7,200,1400,2022-10-21
Coconut Shell Briquettes,5,90,450,2022-10-22
Large Woven Rattan Storage,4,450,1800,2022-10-22
Woven Rattan Storage Basket,1,400,400,2022-10-23
Woven Rattan Storage Basket,3,400,1200,2022-10-24
Unscreened Coco Peat,9,200,1800,2022-10-25
Coconut Coir,10,12,120,2022-10-25
Coconut Coir,7,12,84,2022-10-26
Coconut Husk Pole,8,80,640,2022-10-27
Coconut Shell Small Spoon,1,75,75,2022-10-27
Organic Fertilizer,8,15,120,2022-10-28
Screened Coco Peat,8,250,2000,2022-10-29
Screened Coco Peat,10,250,2500,2022-10-30
Screened Coco Peat,7,250,1750,2022-10-30
Coconut Rope,6,35,210,2022-10-31
Coconut Rope,9,35,315,2022-11-01
Coconut Shell Briquettes,9,90,810,2022-11-01
Woven Rattan Storage Basket,3,400,1200,2022-11-02
Woven Rattan Storage Basket,1,400,400,2022-11-03
Plant Stand,2,200,400,2022-11-04
Plant Stand,3,200,600,2022-11-04
Screened Coco Peat,9,250,2250,2022-11-05
Unscreened Coco Peat,9,200,1800,2022-11-06
Unscreened Coco Peat,10,200,2000,2022-11-06
Coconut Husk Pole,7,65,455,2022-11-07
Coconut Cup,2,350,700,2022-11-08
Coconut Cup,2,350,700,2022-11-09
Coconut Husk Pole,8,50,400,2022-11-09
Coconut Mug,1,350,350,2022-11-10
Coconut Mug,1,350,350,2022-11-11
Coconut Mug,3,350,1050,2022-11-11
Large Woven Rattan Storage,2,450,900,2022-11-12
Woven Rattan Storage Basket,3,400,1200,2022-11-13
Plant Stand,2,200,400,2022-11-14
Unscreened Coco Peat,6,200,1200,2022-11-14
Unscreened Coco Peat,10,200,2000,2022-11-15
Large Woven Rattan Storage,4,450,1800,2022-11-16
Screened Coco Peat,6,250,1500,2022-11-16
Coconut Shell Briquettes,7,90,630,2022-11-17
Large Woven Rattan Storage,3,450,1350,2022-11-18
Screened Coco Peat,6,250,1500,2022-11-18
Screened Coco Peat,9,250,2250,2022-11-19
Screened Coco Peat,9,250,2250,2022-11-20
Unscreened Coco Peat,6,200,1200,2022-11-21
Coconut Cup,1,350,350,2022-11-21
Woven Rattan Storage Basket,1,400,400,2022-11-22
Coconut Husk Pole,8,35,280,2022-11-23
Coconut Cup,1,350,350,2022-11-23
Large Woven Rattan Storage,2,450,900,2022-11-24
Organic Fertilizer,9,15,135,2022-11-25
Organic Fertilizer,11,15,165,2022-11-26
Screened Coco Peat,7,250,1750,2022-11-26
Screened Coco Peat,9,250,2250,2022-11-27
Screened Coco Peat,9,250,2250,2022-11-28
Screened Coco Peat,7,250,1750,2022-11-28
Coconut Husk Pole,7,80,560,2022-11-29
Coconut Shell Briquettes,6,90,540,2022-11-30
Coconut Cup,3,350,1050,2022-12-01
Coconut Mug,1,350,350,2022-12-01
Keychain,4,30,120,2022-12-02
Large Woven Rattan Storage,2,450,900,2022-12-03
Coconut Shell Small Spoon,1,75,75,2022-12-03
Organic Fertilizer,11,15,165,2022-12-04
Screened Coco Peat,6,250,1500,2022-12-05
Coconut Shell Briquettes,9,90,810,2022-12-06
Coconut Mug,1,350,350,2022-12-06
Coconut Mug,3,350,1050,2022-12-07
Plant Stand,2,200,400,2022-12-08
Screened Coco Peat,10,250,2500,2022-12-08
Unscreened Coco Peat,6,200,1200,2022-12-09
Unscreened Coco Peat,7,200,1400,2022-12-10
Coconut Cup,1,350,350,2022-12-11
Coconut Mug,2,350,700,2022-12-11
Coconut Mug,3,350,1050,2022-12-12
Large Woven Rattan Storage,2,450,900,2022-12-13
Woven Rattan Storage Basket,2,400,800,2022-12-13
Plant Stand,2,200,400,2022-12-14
Plant Stand,2,200,400,2022-12-15
Organic Fertilizer,10,15,150,2022-12-15
Screened Coco Peat,6,250,1500,2022-12-16
Screened Coco Peat,10,250,2500,2022-12-17
Screened Coco Peat,9,250,2250,2022-12-18
Unscreened Coco Peat,7,200,1400,2022-12-18
Coconut Rope,8,35,280,2022-12-19
Coconut Shell Briquettes,6,90,540,2022-12-20
Coconut Shell Briquettes,9,90,810,2022-12-20
Coconut Mug,1,350,350,2022-12-21
Plant Stand,3,200,600,2022-12-22
Organic Fertilizer,9,15,135,2022-12-23
Organic Fertilizer,11,15,165,2022-12-23
Unscreened Coco Peat,10,200,2000,2022-12-24
Unscreened Coco Peat,6,200,1200,2022-12-25
Coconut Rope,6,35,210,2022-12-25
Coconut Coir,6,12,72,2022-12-26
Coconut Husk Pole,8,35,280,2022-12-27
Woven Rattan Storage Basket,1,400,400,2022-12-28
Plant Stand,3,200,600,2022-12-28
Screened Coco Peat,8,250,2000,2022-12-29
Unscreened Coco Peat,10,200,2000,2022-12-30
Unscreened Coco Peat,9,200,1800,2022-12-30
Unscreened Coco Peat,6,200,1200,2022-12-31
Coconut Coir,6,12,72,2023-01-01
Coconut Bowl,2,20,40,2023-01-02
Coconut Mug,3,350,1050,2023-01-02
Large Woven Rattan Storage,3,450,1350,2023-01-03
Woven Rattan Storage Basket,3,400,1200,2023-01-04
Woven Rattan Storage Basket,2,400,800,2023-01-04
Coconut Husk Hanging Planter,2,50,100,2023-01-05
Coconut Husk Hanging Planter,1,50,50,2023-01-06
Screened Coco Peat,9,250,2250,2023-01-07
Screened Coco Peat,9,250,2250,2023-01-07
Screened Coco Peat,8,250,2000,2023-01-08
Screened Coco Peat,9,250,2250,2023-01-09
Unscreened Coco Peat,10,200,2000,2023-01-09
Coconut Rope,8,35,280,2023-01-10
Coconut Husk Pole,6,65,390,2023-01-11
Coconut Cup,3,350,1050,2023-01-11
Coconut Cup,2,350,700,2023-01-12
Large Woven Rattan Storage,3,450,1350,2023-01-13
Woven Rattan Storage Basket,1,400,400,2023-01-14
Coconut Husk Hanging Planter,2,50,100,2023-01-14
Organic Fertilizer,7,15,105,2023-01-15
Coconut Coir,10,12,120,2023-01-16
Coconut Shell Briquettes,8,90,720,2023-01-16
Coconut Cup,3,350,1050,2023-01-17
Coconut Mug,1,350,350,2023-01-18
Coconut Mug,1,350,350,2023-01-19
Large Woven Rattan Storage,3,450,1350,2023-01-19
Chopped Coconut Husk,2,30,60,2023-01-20
Coconut Shell Briquettes,6,90,540,2023-01-21
Coconut Shell Briquettes,6,90,540,2023-01-21
Coconut Shell Briquettes,6,90,540,2023-01-22
Woven Rattan Storage Basket,4,400,1600,2023-01-23
Plant Stand,3,200,600,2023-01-24
Plant Stand,1,200,200,2023-01-24
Plant Stand,1,200,200,2023-01-25
Organic Fertilizer,8,15,120,2023-01-26
Screened Coco Peat,6,250,1500,2023-01-26
Unscreened Coco Peat,6,200,1200,2023-01-27
Coconut Cup,3,350,1050,2023-01-28
Coconut Cup,2,350,700,2023-01-29
Coconut Cup,2,350,700,2023-01-29
Large Woven Rattan Storage,4,450,1800,2023-01-30
Woven Rattan Storage Basket,3,400,1200,2023-01-31
Woven Rattan Storage Basket,1,400,400,2023-01-31
Organic Fertilizer,10,15,150,2023-02-01
Screened Coco Peat,9,250,2250,2023-02-02
Keychain,2,30,60,2023-02-03
Woven Rattan Storage Basket,4,400,1600,2023-02-03
Screened Coco Peat,9,250,2250,2023-02-04
Unscreened Coco Peat,9,200,1800,2023-02-05
Coconut Mug,1,350,350,2023-02-05
Coconut Wood Spatula,2,75,150,2023-02-06
Woven Rattan Storage Basket,1,400,400,2023-02-07
Screened Coco Peat,10,250,2500,2023-02-07
Screened Coco Peat,7,250,1750,2023-02-08
Coconut Cup,3,350,1050,2023-02-09
Coconut Cup,1,350,350,2023-02-10
Woven Rattan Storage Basket,3,400,1200,2023-02-10
Organic Fertilizer,7,15,105,2023-02-11
Screened Coco Peat,6,250,1500,2023-02-12
Unscreened Coco Peat,10,200,2000,2023-02-12
Unscreened Coco Peat,10,200,2000,2023-02-13
Coconut Coir,8,12,96,2023-02-14
Coconut Cup,3,350,1050,2023-02-15
Coconut Shell Rice Scoop,2,75,150,2023-02-15
Large Woven Rattan Storage,3,450,1350,2023-02-16
Unscreened Coco Peat,6,200,1200,2023-02-17
Coconut Rope,5,35,175,2023-02-17
Coconut Mug,3,350,1050,2023-02-18
Large Woven Rattan Storage,4,450,1800,2023-02-19
Woven Rattan Storage Basket,2,400,800,2023-02-20
Woven Rattan Storage Basket,1,400,400,2023-02-20
Plant Stand,2,200,400,2023-02-21
Plant Stand,3,200,600,2023-02-22
Unscreened Coco Peat,6,200,1200,2023-02-22
Unscreened Coco Peat,6,200,1200,2023-02-23
Coconut Mug,1,350,350,2023-02-24
Coconut Mug,2,350,700,2023-02-25
Coconut Shell Rice Scoop,2,75,150,2023-02-25
Large Woven Rattan Storage,3,450,1350,2023-02-26
Woven Rattan Storage Basket,2,400,800,2023-02-27
Screened Coco Peat,10,250,2500,2023-02-27
Coconut Shell Briquettes,9,90,810,2023-02-28
Coconut Cup,2,350,700,2023-03-01
Plant Stand,2,200,400,2023-03-02
Screened Coco Peat,10,250,2500,2023-03-02
Screened Coco Peat,6,250,1500,2023-03-03
Unscreened Coco Peat,8,200,1600,2023-03-04
Unscreened Coco Peat,10,200,2000,2023-03-04
Coconut Rope,5,35,175,2023-03-05
Coconut Rope,5,35,175,2023-03-06
Coconut Husk Pole,6,80,480,2023-03-06
Coconut Husk Pole,8,80,640,2023-03-07
Large Woven Rattan Storage,4,450,1800,2023-03-08
Organic Fertilizer,9,15,135,2023-03-09
Organic Fertilizer,7,15,105,2023-03-09
Unscreened Coco Peat,7,200,1400,2023-03-10
Unscreened Coco Peat,10,200,2000,2023-03-11
Woven Rattan Storage Basket,1,400,400,2023-03-11
Plant Stand,3,200,600,2023-03-12
Plant Stand,1,200,200,2023-03-13
Coconut Shell Small Spoon,4,75,300,2023-03-14
Screened Coco Peat,9,250,2250,2023-03-14
Screened Coco Peat,8,250,2000,2023-03-15
Coconut Rope,5,35,175,2023-03-16
Coconut Rope,7,35,245,2023-03-16
Coconut Husk Pole,4,35,140,2023-03-17
Coconut Shell Briquettes,7,90,630,2023-03-18
Coconut Cup,1,350,350,2023-03-19
Coconut Mug,3,350,1050,2023-03-19
Coconut Mug,2,350,700,2023-03-20
Large Woven Rattan Storage,4,450,1800,2023-03-21
Screened Coco Peat,9,250,2250,2023-03-21
Coconut Coir,7,12,84,2023-03-22
Coconut Husk Pole,7,35,245,2023-03-23
Coconut Husk Pole,7,80,560,2023-03-24
Coconut Shell Briquettes,6,90,540,2023-03-24
Coconut Bowl,1,20,20,2023-03-25
Coconut Cup,2,350,700,2023-03-26
Screened Coco Peat,6,250,1500,2023-03-26
Unscreened Coco Peat,9,200,1800,2023-03-27
Unscreened Coco Peat,9,200,1800,2023-03-28
Unscreened Coco Peat,9,200,1800,2023-03-29
Coconut Rope,8,35,280,2023-03-29
Coconut Coir,8,12,96,2023-03-30
Coconut Bowl,2,20,40,2023-03-31
Coconut Mug,1,350,350,2023-03-31
Large Woven Rattan Storage,3,450,1350,2023-04-01
Coconut Husk Hanging Planter,2,50,100,2023-04-02
Coconut Shell Ladle,3,75,225,2023-04-02
Screened Coco Peat,8,250,2000,2023-04-03
Coconut Rope,6,35,210,2023-04-04
Coconut Husk Pole,8,65,520,2023-04-05
Coconut Shell Briquettes,8,90,720,2023-04-05
Coconut Wood Spatula,1,75,75,2023-04-06
Woven Rattan Storage Basket,1,400,400,2023-04-07
Plant Stand,3,200,600,2023-04-07
Screened Coco Peat,8,250,2000,2023-04-08
Unscreened Coco Peat,8,200,1600,2023-04-09
Unscreened Coco Peat,9,200,1800,2023-04-10
Coconut Rope,6,35,210,2023-04-10
Coconut Mug,3,350,1050,2023-04-11
Woven Rattan Storage Basket,1,400,400,2023-04-12
Organic Fertilizer,10,15,150,2023-04-12
Unscreened Coco Peat,9,200,1800,2023-04-13
Coconut Husk Pole,5,50,250,2023-04-14
Woven Rattan Storage Basket,1,400,400,2023-04-15
Plant Stand,1,200,200,2023-04-15
Coconut Rope,7,35,245,2023-04-16
Coconut Cup,3,350,1050,2023-04-17
Coconut Cup,1,350,350,2023-04-17
Coconut Mug,2,350,700,2023-04-18
Organic Fertilizer,7,15,105,2023-04-19
Coconut Cup,3,350,1050,2023-04-20
Coconut Wood Spatula,1,75,75,2023-04-20
Coconut Shell Small Spoon,1,75,75,2023-04-21
Coconut Shell Briquettes,6,90,540,2023-04-22
Coconut Shell Briquettes,6,90,540,2023-04-22
Coconut Cup,3,350,1050,2023-04-23
Coconut Mug,1,350,350,2023-04-24
Coconut Mug,3,350,1050,2023-04-25
Woven Rattan Storage Basket,3,400,1200,2023-04-25
Plant Stand,1,200,200,2023-04-26
Chopped Coconut Husk,4,30,120,2023-04-27
Unscreened Coco Peat,8,200,1600,2023-04-27
Coconut Husk Pole,5,80,400,2023-04-28
Coconut Cup,3,350,1050,2023-04-29
Coconut Cup,2,350,700,2023-04-29
Coconut Shell Rice Scoop,2,75,150,2023-04-30
Woven Rattan Storage Basket,3,400,1200,2023-05-01
Screened Coco Peat,7,250,1750,2023-05-02
Screened Coco Peat,6,250,1500,2023-05-02
Large Woven Rattan Storage,4,450,1800,2023-05-03
Plant Stand,2,200,400,2023-05-04
Coconut Rope,9,35,315,2023-05-04
Coconut Bowl,2,20,40,2023-05-05
Coconut Cup,3,350,1050,2023-05-06
Coconut Mug,2,350,700,2023-05-07
Screened Coco Peat,6,250,1500,2023-05-07
Coconut Shell Briquettes,6,90,540,2023-05-08
Woven Rattan Storage Basket,3,400,1200,2023-05-09
Coconut Shell Ladle,4,75,300,2023-05-09
Organic Fertilizer,11,15,165,2023-05-10
Screened Coco Peat,7,250,1750,2023-05-11
Unscreened Coco Peat,10,200,2000,2023-05-12
Unscreened Coco Peat,7,200,1400,2023-05-12
Coconut Shell Briquettes,8,90,720,2023-05-13
Large Woven Rattan Storage,4,450,1800,2023-05-14
Woven Rattan Storage Basket,3,400,1200,2023-05-14
Organic Fertilizer,8,15,120,2023-05-15
Unscreened Coco Peat,6,200,1200,2023-05-16
Unscreened Coco Peat,6,200,1200,2023-05-17
Coconut Coir,8,12,96,2023-05-17
Coconut Husk Pole,5,35,175,2023-05-18
Coconut Mug,2,350,700,2023-05-19
Unscreened Coco Peat,7,200,1400,2023-05-19
Coconut Husk Pole,8,80,640,2023-05-20
Coconut Cup,2,350,700,2023-05-21
Coconut Mug,2,350,700,2023-05-22
Coconut Mug,1,350,350,2023-05-22
Keychain,3,30,90,2023-05-23
Plant Stand,3,200,600,2023-05-24
Coconut Shell Ladle,4,75,300,2023-05-24
Organic Fertilizer,11,15,165,2023-05-25
Organic Fertilizer,10,15,150,2023-05-26
Screened Coco Peat,6,250,1500,2023-05-26
Coconut Husk Pole,6,35,210,2023-05-27
Coconut Husk Pole,8,65,520,2023-05-28
Coconut Shell Briquettes,7,90,630,2023-05-29
Coconut Cup,3,350,1050,2023-05-29
Large Woven Rattan Storage,2,450,900,2023-05-30
Large Woven Rattan Storage,4,450,1800,2023-05-31
Woven Rattan Storage Basket,3,400,1200,2023-05-31
Unscreened Coco Peat,7,200,1400,2023-06-01
Coconut Rope,6,35,210,2023-06-02
Coconut Coir,10,12,120,2023-06-03
Coconut Shell Briquettes,9,90,810,2023-06-03
Coconut Mug,3,350,1050,2023-06-04
Large Woven Rattan Storage,2,450,900,2023-06-05
Woven Rattan Storage Basket,2,400,800,2023-06-05
Screened Coco Peat,8,250,2000,2023-06-06
Screened Coco Peat,10,250,2500,2023-06-07
Coconut Coir,9,12,108,2023-06-08
Coconut Shell Briquettes,6,90,540,2023-06-08
Coconut Cup,3,350,1050,2023-06-09
Unscreened Coco Peat,8,200,1600,2023-06-10
Coconut Rope,9,35,315,2023-06-10
Coconut Husk Pole,5,35,175,2023-06-11
Coconut Cup,2,350,700,2023-06-12
Large Woven Rattan Storage,3,450,1350,2023-06-13
Plant Stand,3,200,600,2023-06-13
Organic Fertilizer,11,15,165,2023-06-14
Unscreened Coco Peat,8,200,1600,2023-06-15
Unscreened Coco Peat,8,200,1600,2023-06-15
Coconut Shell Briquettes,6,90,540,2023-06-16
Plant Stand,2,200,400,2023-06-17
Organic Fertilizer,7,15,105,2023-06-18
Woven Rattan Storage Basket,4,400,1600,2023-06-18
Coconut Rope,8,35,280,2023-06-19
Coconut Shell Briquettes,6,90,540,2023-06-20
Coconut Cup,1,350,350,2023-06-20
Coconut Mug,1,350,350,2023-06-21
Large Woven Rattan Storage,4,450,1800,2023-06-22
Plant Stand,2,200,400,2023-06-22
Organic Fertilizer,8,15,120,2023-06-23
Screened Coco Peat,8,250,2000,2023-06-24
Unscreened Coco Peat,10,200,2000,2023-06-25
Unscreened Coco Peat,9,200,1800,2023-06-25
Unscreened Coco Peat,9,200,1800,2023-06-26
Coconut Rope,5,35,175,2023-06-27
Coconut Husk Pole,5,65,325,2023-06-27
Large Woven Rattan Storage,3,450,1350,2023-06-28
Organic Fertilizer,11,15,165,2023-06-29
Screened Coco Peat,8,250,2000,2023-06-30
Coconut Coir,7,12,84,2023-06-30
Coconut Cup,3,350,1050,2023-07-01
Woven Rattan Storage Basket,2,400,800,2023-07-02
Woven Rattan Storage Basket,3,400,1200,2023-07-02
Woven Rattan Storage Basket,1,400,400,2023-07-03
Plant Stand,2,200,400,2023-07-04
Unscreened Coco Peat,9,200,1800,2023-07-05
Unscreened Coco Peat,6,200,1200,2023-07-05
Coconut Coir,9,12,108,2023-07-06
Large Woven Rattan Storage,3,450,1350,2023-07-07
Large Woven Rattan Storage,2,450,900,2023-07-07
Screened Coco Peat,10,250,2500,2023-07-08
Screened Coco Peat,7,250,1750,2023-07-09
Screened Coco Peat,9,250,2250,2023-07-10
Unscreened Coco Peat,7,200,1400,2023-07-10
Unscreened Coco Peat,7,200,1400,2023-07-11
Coconut Rope,7,35,245,2023-07-12
Coconut Husk Pole,4,65,260,2023-07-12
Coconut Shell Briquettes,8,90,720,2023-07-13
Large Woven Rattan Storage,4,450,1800,2023-07-14
Organic Fertilizer,10,15,150,2023-07-15
Screened Coco Peat,9,250,2250,2023-07-15
Unscreened Coco Peat,7,200,1400,2023-07-16
Coconut Husk Pole,7,80,560,2023-07-17
Coconut Shell Briquettes,6,90,540,2023-07-17
Coconut Shell Briquettes,9,90,810,2023-07-18
Coconut Cup,1,350,350,2023-07-19
Coconut Cup,2,350,700,2023-07-19
Keychain,3,30,90,2023-07-20
Woven Rattan Storage Basket,3,400,1200,2023-07-21
Plant Stand,1,200,200,2023-07-22
Coconut Shell Briquettes,7,90,630,2023-07-22
Plant Stand,1,200,200,2023-07-23
Unscreened Coco Peat,10,200,2000,2023-07-24
Coconut Coir,6,12,72,2023-07-24
Coconut Cup,2,350,700,2023-07-25
Woven Rattan Storage Basket,3,400,1200,2023-07-26
Plant Stand,2,200,400,2023-07-27
Coconut Shell Ladle,3,75,225,2023-07-27
Screened Coco Peat,7,250,1750,2023-07-28
Unscreened Coco Peat,9,200,1800,2023-07-29
Coconut Coir,9,12,108,2023-07-29
Coconut Husk Pole,4,35,140,2023-07-30
Coconut Mug,1,350,350,2023-07-31
Keychain,4,30,120,2023-08-01
Organic Fertilizer,9,15,135,2023-08-01
Screened Coco Peat,8,250,2000,2023-08-02
Coconut Rope,6,35,210,2023-08-03
Woven Rattan Storage Basket,3,400,1200,2023-08-03
Screened Coco Peat,8,250,2000,2023-08-04
Unscreened Coco Peat,6,200,1200,2023-08-05
Coconut Husk Pole,7,35,245,2023-08-06
Coconut Wood Spatula,4,75,300,2023-08-06
Woven Rattan Storage Basket,2,400,800,2023-08-07
Woven Rattan Storage Basket,1,400,400,2023-08-08
Unscreened Coco Peat,9,200,1800,2023-08-08
Coconut Rope,6,35,210,2023-08-09
Coconut Shell Briquettes,6,90,540,2023-08-10
Coconut Shell Briquettes,6,90,540,2023-08-11
Coconut Cup,3,350,1050,2023-08-11
Organic Fertilizer,10,15,150,2023-08-12
Screened Coco Peat,6,250,1500,2023-08-13
Screened Coco Peat,10,250,2500,2023-08-13
Coconut Rope,9,35,315,2023-08-14
Plant Stand,3,200,600,2023-08-15
Organic Fertilizer,10,15,150,2023-08-15
Organic Fertilizer,7,15,105,2023-08-16
Screened Coco Peat,8,250,2000,2023-08-17
Unscreened Coco Peat,9,200,1800,2023-08-18
Unscreened Coco Peat,8,200,1600,2023-08-18
Keychain,2,30,60,2023-08-19
Coconut Wood Spatula,3,75,225,2023-08-20
Woven Rattan Storage Basket,1,400,400,2023-08-20
Coconut Shell Ladle,2,75,150,2023-08-21
Organic Fertilizer,8,15,120,2023-08-22
Organic Fertilizer,7,15,105,2023-08-23
Unscreened Coco Peat,9,200,1800,2023-08-23
Coconut Rope,6,35,210,2023-08-24
Coconut Shell Briquettes,7,90,630,2023-08-25
Coconut Mug,3,350,1050,2023-08-25
Large Woven Rattan Storage,3,450,1350,2023-08-26
Large Woven Rattan Storage,4,450,1800,2023-08-27
Organic Fertilizer,7,15,105,2023-08-28
Screened Coco Peat,8,250,2000,2023-08-28
Unscreened Coco Peat,9,200,1800,2023-08-29
Unscreened Coco Peat,9,200,1800,2023-08-30
Plant Stand,1,200,200,2023-08-30
Coconut Cup,1,350,350,2023-08-31
Coconut Cup,3,350,1050,2023-09-01
Coconut Mug,2,350,700,2023-09-02
Large Woven Rattan Storage,2,450,900,2023-09-02
Woven Rattan Storage Basket,2,400,800,2023-09-03
Woven Rattan Storage Basket,1,400,400,2023-09-04
Unscreened Coco Peat,6,200,1200,2023-09-04
Coconut Coir,9,12,108,2023-09-05
Coconut Husk Pole,7,65,455,2023-09-06
Coconut Husk Pole,7,80,560,2023-09-07
Coconut Husk Pole,8,80,640,2023-09-07
Plant Stand,2,200,400,2023-09-08
Unscreened Coco Peat,10,200,2000,2023-09-09
Coconut Husk Pole,7,35,245,2023-09-09
Coconut Husk Pole,8,65,520,2023-09-10
Coconut Shell Briquettes,7,90,630,2023-09-11
Coconut Cup,3,350,1050,2023-09-11
Coconut Cup,1,350,350,2023-09-12
Large Woven Rattan Storage,3,450,1350,2023-09-13
Large Woven Rattan Storage,4,450,1800,2023-09-14
Woven Rattan Storage Basket,3,400,1200,2023-09-14
Woven Rattan Storage Basket,2,400,800,2023-09-15
Coconut Husk Hanging Planter,1,50,50,2023-09-16
Coconut Rope,5,35,175,2023-09-16
Coconut Mug,2,350,700,2023-09-17
Organic Fertilizer,10,15,150,2023-09-18
Coconut Shell Briquettes,8,90,720,2023-09-19
Coconut Mug,1,350,350,2023-09-19
Large Woven Rattan Storage,2,450,900,2023-09-20
Woven Rattan Storage Basket,3,400,1200,2023-09-21
Unscreened Coco Peat,6,200,1200,2023-09-21
Unscreened Coco Peat,9,200,1800,2023-09-22
Coconut Husk Pole,6,50,300,2023-09-23
Coconut Shell Briquettes,5,90,450,2023-09-24
Coconut Mug,3,350,1050,2023-09-24
Coconut Mug,1,350,350,2023-09-25
Chopped Coconut Husk,2,30,60,2023-09-26
Organic Fertilizer,8,15,120,2023-09-26
Unscreened Coco Peat,6,200,1200,2023-09-27
Unscreened Coco Peat,10,200,2000,2023-09-28
Coconut Rope,5,35,175,2023-09-29
Coconut Husk Pole,4,35,140,2023-09-29
Coconut Husk Pole,6,50,300,2023-09-30
Coconut Mug,2,350,700,2023-10-01
Large Woven Rattan Storage,4,450,1800,2023-10-01
Woven Rattan Storage Basket,1,400,400,2023-10-02
Screened Coco Peat,10,250,2500,2023-10-03
Coconut Mug,3,350,1050,2023-10-04
Large Woven Rattan Storage,2,450,900,2023-10-04
Large Woven Rattan Storage,4,450,1800,2023-10-05
Woven Rattan Storage Basket,3,400,1200,2023-10-06
Unscreened Coco Peat,10,200,2000,2023-10-06
Unscreened Coco Peat,6,200,1200,2023-10-07
Unscreened Coco Peat,9,200,1800,2023-10-08
Coconut Rope,8,35,280,2023-10-08
Coconut Husk Pole,6,65,390,2023-10-09
Coconut Cup,2,350,700,2023-10-10
Coconut Mug,1,350,350,2023-10-11
Large Woven Rattan Storage,4,450,1800,2023-10-11
Woven Rattan Storage Basket,3,400,1200,2023-10-12
Woven Rattan Storage Basket,2,400,800,2023-10-13
Screened Coco Peat,7,250,1750,2023-10-13
Unscreened Coco Peat,10,200,2000,2023-10-14
Coconut Rope,5,35,175,2023-10-15
Coconut Husk Pole,6,35,210,2023-10-16
Coconut Shell Briquettes,9,90,810,2023-10-16
Coconut Mug,1,350,350,2023-10-17
Coconut Mug,1,350,350,2023-10-18
Coconut Shell Small Spoon,1,75,75,2023-10-18
Keychain,2,30,60,2023-10-19
Large Woven Rattan Storage,2,450,900,2023-10-20
Large Woven Rattan Storage,2,450,900,2023-10-21
Organic Fertilizer,11,15,165,2023-10-21
Unscreened Coco Peat,9,200,1800,2023-10-22
Coconut Rope,9,35,315,2023-10-23
Coconut Rope,7,35,245,2023-10-23
Coconut Bowl,3,20,60,2023-10-24
Coconut Mug,3,350,1050,2023-10-25
Plant Stand,2,200,400,2023-10-26
Organic Fertilizer,11,15,165,2023-10-26
Unscreened Coco Peat,7,200,1400,2023-10-27
Coconut Husk Pole,6,35,210,2023-10-28
Coconut Cup,3,350,1050,2023-10-28
Woven Rattan Storage Basket,2,400,800,2023-10-29
Plant Stand,3,200,600,2023-10-30
Unscreened Coco Peat,10,200,2000,2023-10-31
Large Woven Rattan Storage,3,450,1350,2023-10-31
Large Woven Rattan Storage,4,450,1800,2023-11-01
Plant Stand,3,200,600,2023-11-02
Plant Stand,1,200,200,2023-11-02
Screened Coco Peat,6,250,1500,2023-11-03
Screened Coco Peat,7,250,1750,2023-11-04
Screened Coco Peat,6,250,1500,2023-11-04
Coconut Rope,9,35,315,2023-11-05
Coconut Shell Briquettes,5,90,450,2023-11-06
Coconut Mug,3,350,1050,2023-11-07
Coconut Wood Spatula,2,75,150,2023-11-07
Large Woven Rattan Storage,2,450,900,2023-11-08
Woven Rattan Storage Basket,2,400,800,2023-11-09
Plant Stand,1,200,200,2023-11-09
Organic Fertilizer,9,15,135,2023-11-10
Coconut Shell Briquettes,6,90,540,2023-11-11
Coconut Cup,2,350,700,2023-11-12
Coconut Cup,1,350,350,2023-11-12
Unscreened Coco Peat,10,200,2000,2023-11-13
Plant Stand,2,200,400,2023-11-14
Coconut Shell Small Spoon,2,75,150,2023-11-14
Organic Fertilizer,8,15,120,2023-11-15
Screened Coco Peat,8,250,2000,2023-11-16
Coconut Cup,2,350,700,2023-11-17
Keychain,3,30,90,2023-11-17
Woven Rattan Storage Basket,2,400,800,2023-11-18
Organic Fertilizer,10,15,150,2023-11-19
Unscreened Coco Peat,8,200,1600,2023-11-19
Coconut Shell Briquettes,9,90,810,2023-11-20
Coconut Shell Briquettes,5,90,450,2023-11-21
Coconut Mug,3,350,1050,2023-11-22
Keychain,4,30,120,2023-11-22
Coconut Shell Rice Scoop,4,75,300,2023-11-23
Large Woven Rattan Storage,4,450,1800,2023-11-24
Organic Fertilizer,10,15,150,2023-11-24
Screened Coco Peat,9,250,2250,2023-11-25
Unscreened Coco Peat,6,200,1200,2023-11-26
Unscreened Coco Peat,8,200,1600,2023-11-27
Unscreened Coco Peat,10,200,2000,2023-11-27
Coconut Cup,3,350,1050,2023-11-28
Coconut Mug,3,350,1050,2023-11-29
Large Woven Rattan Storage,4,450,1800,2023-11-29
Large Woven Rattan Storage,3,450,1350,2023-11-30
Woven Rattan Storage Basket,1,400,400,2023-12-01
Woven Rattan Storage Basket,1,400,400,2023-12-01
Plant Stand,3,200,600,2023-12-02
Screened Coco Peat,8,250,2000,2023-12-03
Unscreened Coco Peat,10,200,2000,2023-12-04
Unscreened Coco Peat,8,200,1600,2023-12-04
Unscreened Coco Peat,6,200,1200,2023-12-05
Coconut Rope,8,35,280,2023-12-06
Coconut Coir,10,12,120,2023-12-06
Large Woven Rattan Storage,3,450,1350,2023-12-07
Woven Rattan Storage Basket,3,400,1200,2023-12-08
Plant Stand,3,200,600,2023-12-09
Plant Stand,3,200,600,2023-12-09
Organic Fertilizer,10,15,150,2023-12-10
Screened Coco Peat,6,250,1500,2023-12-11
Screened Coco Peat,8,250,2000,2023-12-11
Screened Coco Peat,8,250,2000,2023-12-12
Coconut Husk Pole,6,65,390,2023-12-13
Coconut Husk Pole,5,80,400,2023-12-14
Woven Rattan Storage Basket,2,400,800,2023-12-14
Coconut Husk Pole,5,50,250,2023-12-15
Large Woven Rattan Storage,3,450,1350,2023-12-16
Woven Rattan Storage Basket,2,400,800,2023-12-16
Organic Fertilizer,8,15,120,2023-12-17
Unscreened Coco Peat,10,200,2000,2023-12-18
Coconut Husk Pole,5,65,325,2023-12-19
Coconut Husk Pole,7,80,560,2023-12-19
Coconut Cup,1,350,350,2023-12-20
Large Woven Rattan Storage,2,450,900,2023-12-21
Plant Stand,1,200,200,2023-12-21
Plant Stand,3,200,600,2023-12-22
Plant Stand,2,200,400,2023-12-23
Coconut Rope,8,35,280,2023-12-24
Coconut Coir,8,12,96,2023-12-24
Coconut Coir,10,12,120,2023-12-25
Coconut Shell Briquettes,7,90,630,2023-12-26
Coconut Shell Briquettes,5,90,450,2023-12-26
Coconut Cup,1,350,350,2023-12-27
Plant Stand,2,200,400,2023-12-28
Plant Stand,3,200,600,2023-12-28
Screened Coco Peat,7,250,1750,2023-12-29
Coconut Rope,7,35,245,2023-12-30
Coconut Coir,10,12,120,2023-12-31
Coconut Shell Briquettes,6,90,540,2023-12-31
Coconut Mug,3,350,1050,2024-01-01
Coconut Mug,2,350,700,2024-01-02
Large Woven Rattan Storage,3,450,1350,2024-01-02
Organic Fertilizer,11,15,165,2024-01-03
Screened Coco Peat,10,250,2500,2024-01-04
Unscreened Coco Peat,10,200,2000,2024-01-05
Coconut Rope,6,35,210,2024-01-05
Coconut Rope,8,35,280,2024-01-06
Coconut Husk Pole,7,50,350,2024-01-07
Coconut Mug,2,350,700,2024-01-07
Coconut Mug,2,350,700,2024-01-08
Coconut Mug,2,350,700,2024-01-09
Keychain,4,30,120,2024-01-10
Screened Coco Peat,6,250,1500,2024-01-10
Unscreened Coco Peat,6,200,1200,2024-01-11
Unscreened Coco Peat,10,200,2000,2024-01-12
Coconut Rope,6,35,210,2024-01-12
Coconut Husk Pole,7,65,455,2024-01-13
Coconut Shell Briquettes,9,90,810,2024-01-14
Coconut Shell Briquettes,8,90,720,2024-01-15
Coconut Cup,1,350,350,2024-01-15
Coconut Mug,3,350,1050,2024-01-16
Large Woven Rattan Storage,3,450,1350,2024-01-17
Large Woven Rattan Storage,4,450,1800,2024-01-17
Woven Rattan Storage Basket,2,400,800,2024-01-18
Woven Rattan Storage Basket,2,400,800,2024-01-19
Unscreened Coco Peat,10,200,2000,2024-01-20
Coconut Husk Pole,6,50,300,2024-01-20
Coconut Shell Small Spoon,3,75,225,2024-01-21
Screened Coco Peat,6,250,1500,2024-01-22
Coconut Coir,8,12,96,2024-01-22
Woven Rattan Storage Basket,1,400,400,2024-01-23
Screened Coco Peat,10,250,2500,2024-01-24
Unscreened Coco Peat,7,200,1400,2024-01-24
Coconut Husk Pole,4,80,320,2024-01-25
Coconut Shell Briquettes,9,90,810,2024-01-26
Coconut Shell Briquettes,7,90,630,2024-01-27
Coconut Cup,3,350,1050,2024-01-27
Large Woven Rattan Storage,2,450,900,2024-01-28
Woven Rattan Storage Basket,1,400,400,2024-01-29
Coconut Coir,7,12,84,2024-01-29
Coconut Mug,1,350,350,2024-01-30
Organic Fertilizer,8,15,120,2024-01-31
Organic Fertilizer,9,15,135,2024-02-01
Unscreened Coco Peat,6,200,1200,2024-02-01
Coconut Husk Pole,6,50,300,2024-02-02
Coconut Husk Pole,5,65,325,2024-02-03
Coconut Shell Briquettes,7,90,630,2024-02-03
Woven Rattan Storage Basket,3,400,1200,2024-02-04
Coconut Shell Small Spoon,1,75,75,2024-02-05
Screened Coco Peat,9,250,2250,2024-02-06
Screened Coco Peat,9,250,2250,2024-02-06
Screened Coco Peat,9,250,2250,2024-02-07
Screened Coco Peat,9,250,2250,2024-02-08
Unscreened Coco Peat,7,200,1400,2024-02-08
Coconut Cup,3,350,1050,2024-02-09
Coconut Shell Rice Scoop,4,75,300,2024-02-10
Large Woven Rattan Storage,2,450,900,2024-02-11
Coconut Husk Hanging Planter,3,50,150,2024-02-11
Unscreened Coco Peat,6,200,1200,2024-02-12
Coconut Rope,9,35,315,2024-02-13
Unscreened Coco Peat,7,200,1400,2024-02-13
Unscreened Coco Peat,7,200,1400,2024-02-14
Coconut Rope,6,35,210,2024-02-15
Coconut Coir,9,12,108,2024-02-16
Coconut Husk Pole,4,80,320,2024-02-16
Coconut Shell Briquettes,8,90,720,2024-02-17
Coconut Mug,2,350,700,2024-02-18
Coconut Wood Spatula,3,75,225,2024-02-18
Large Woven Rattan Storage,2,450,900,2024-02-19
Chopped Coconut Husk,2,30,60,2024-02-20
Organic Fertilizer,9,15,135,2024-02-20
Screened Coco Peat,10,250,2500,2024-02-21
Screened Coco Peat,9,250,2250,2024-02-22
Unscreened Coco Peat,10,200,2000,2024-02-23
Coconut Shell Briquettes,9,90,810,2024-02-23
Unscreened Coco Peat,7,200,1400,2024-02-24
Coconut Coir,7,12,84,2024-02-25
Coconut Husk Pole,4,35,140,2024-02-25
Coconut Shell Briquettes,8,90,720,2024-02-26
Coconut Mug,1,350,350,2024-02-27
Coconut Wood Spatula,2,75,150,2024-02-28
Woven Rattan Storage Basket,2,400,800,2024-02-28
Screened Coco Peat,10,250,2500,2024-02-29
Unscreened Coco Peat,10,200,2000,2024-03-01
Coconut Shell Briquettes,7,90,630,2024-03-01
Plant Stand,1,200,200,2024-03-02
Unscreened Coco Peat,6,200,1200,2024-03-03
Coconut Shell Briquettes,9,90,810,2024-03-04
Coconut Shell Briquettes,8,90,720,2024-03-04
Coconut Mug,1,350,350,2024-03-05
Organic Fertilizer,11,15,165,2024-03-06
Unscreened Coco Peat,8,200,1600,2024-03-06
Unscreened Coco Peat,9,200,1800,2024-03-07
Coconut Mug,3,350,1050,2024-03-08
Plant Stand,3,200,600,2024-03-09
Screened Coco Peat,8,250,2000,2024-03-09
Coconut Rope,8,35,280,2024-03-10
Coconut Husk Pole,8,35,280,2024-03-11
Coconut Cup,3,350,1050,2024-03-11
Coconut Cup,1,350,350,2024-03-12
Screened Coco Peat,6,250,1500,2024-03-13
Unscreened Coco Peat,10,200,2000,2024-03-14
Coconut Coir,9,12,108,2024-03-14
Coconut Mug,3,350,1050,2024-03-15
Woven Rattan Storage Basket,2,400,800,2024-03-16
Woven Rattan Storage Basket,2,400,800,2024-03-16
Coconut Coir,10,12,120,2024-03-17
Coconut Mug,1,350,350,2024-03-18
Organic Fertilizer,10,15,150,2024-03-18
Screened Coco Peat,10,250,2500,2024-03-19
Screened Coco Peat,6,250,1500,2024-03-20
Coconut Rope,7,35,245,2024-03-21
Coconut Cup,3,350,1050,2024-03-21
Coconut Mug,2,350,700,2024-03-22
Woven Rattan Storage Basket,2,400,800,2024-03-23
Woven Rattan Storage Basket,2,400,800,2024-03-23
Unscreened Coco Peat,6,200,1200,2024-03-24
Unscreened Coco Peat,7,200,1400,2024-03-25
Coconut Husk Pole,4,80,320,2024-03-26
Coconut Shell Briquettes,9,90,810,2024-03-26
Coconut Mug,2,350,700,2024-03-27
Coconut Husk Pole,7,50,350,2024-03-28
Coconut Husk Pole,6,50,300,2024-03-28
Coconut Shell Briquettes,6,90,540,2024-03-29
Coconut Cup,1,350,350,2024-03-30
Large Woven Rattan Storage,2,450,900,2024-03-31
Woven Rattan Storage Basket,1,400,400,2024-03-31
Plant Stand,1,200,200,2024-04-01
Coconut Rope,5,35,175,2024-04-02
Coconut Husk Pole,6,35,210,2024-04-02
Coconut Husk Pole,5,65,325,2024-04-03
Coconut Husk Pole,6,80,480,2024-04-04
Large Woven Rattan Storage,3,450,1350,2024-04-05
Woven Rattan Storage Basket,2,400,800,2024-04-05
Organic Fertilizer,7,15,105,2024-04-06
Organic Fertilizer,7,15,105,2024-04-07
Screened Coco Peat,10,250,2500,2024-04-07
Screened Coco Peat,7,250,1750,2024-04-08
Coconut Rope,6,35,210,2024-04-09
Coconut Rope,9,35,315,2024-04-10
Coconut Shell Briquettes,6,90,540,2024-04-10
Coconut Shell Briquettes,6,90,540,2024-04-11
Coconut Cup,3,350,1050,2024-04-12
Coconut Mug,1,350,350,2024-04-12
Large Woven Rattan Storage,2,450,900,2024-04-13
Large Woven Rattan Storage,3,450,1350,2024-04-14
Plant Stand,2,200,400,2024-04-15
Screened Coco Peat,10,250,2500,2024-04-15
Screened Coco Peat,8,250,2000,2024-04-16
Coconut Shell Briquettes,7,90,630,2024-04-17
Coconut Mug,2,350,700,2024-04-17
Organic Fertilizer,9,15,135,2024-04-18
Screened Coco Peat,8,250,2000,2024-04-19
Unscreened Coco Peat,7,200,1400,2024-04-19
Coconut Coir,8,12,96,2024-04-20
Woven Rattan Storage Basket,2,400,800,2024-04-21
Screened Coco Peat,8,250,2000,2024-04-22
Coconut Rope,8,35,280,2024-04-22
Coconut Shell Briquettes,6,90,540,2024-04-23
Coconut Shell Briquettes,5,90,450,2024-04-24
Coconut Shell Briquettes,5,90,450,2024-04-24
Coconut Shell Briquettes,5,90,450,2024-04-25
Coconut Cup,1,350,350,2024-04-26
Coconut Cup,1,350,350,2024-04-27
Large Woven Rattan Storage,4,450,1800,2024-04-27
Large Woven Rattan Storage,4,450,1800,2024-04-28
Plant Stand,3,200,600,2024-04-29
Unscreened Coco Peat,7,200,1400,2024-04-29
Coconut Husk Pole,7,35,245,2024-04-30
Coconut Husk Pole,5,80,400,2024-05-01
Coconut Bowl,3,20,60,2024-05-02
Coconut Mug,3,350,1050,2024-05-02
Coconut Mug,2,350,700,2024-05-03
Coconut Mug,2,350,700,2024-05-04
Woven Rattan Storage Basket,4,400,1600,2024-05-04
Woven Rattan Storage Basket,3,400,1200,2024-05-05
Screened Coco Peat,10,250,2500,2024-05-06
Screened Coco Peat,6,250,1500,2024-05-07
Coconut Coir,8,12,96,2024-05-07
Coconut Coir,7,12,84,2024-05-08
Coconut Husk Pole,6,65,390,2024-05-09
Chopped Coconut Husk,3,30,90,2024-05-09
Coconut Husk Hanging Planter,3,50,150,2024-05-10
Screened Coco Peat,6,250,1500,2024-05-11
Coconut Coir,9,12,108,2024-05-12
Coconut Coir,10,12,120,2024-05-12
Large Woven Rattan Storage,2,450,900,2024-05-13
Woven Rattan Storage Basket,1,400,400,2024-05-14
Woven Rattan Storage Basket,3,400,1200,2024-05-14
Large Woven Rattan Storage,4,450,1800,2024-05-15
Woven Rattan Storage Basket,3,400,1200,2024-05-16
Organic Fertilizer,7,15,105,2024-05-16
Organic Fertilizer,11,15,165,2024-05-17
Organic Fertilizer,10,15,150,2024-05-18
Unscreened Coco Peat,8,200,1600,2024-05-19
Coconut Shell Briquettes,7,90,630,2024-05-19
Coconut Shell Briquettes,8,90,720,2024-05-20
Coconut Shell Briquettes,6,90,540,2024-05-21
Coconut Cup,2,350,700,2024-05-21
Screened Coco Peat,10,250,2500,2024-05-22
Unscreened Coco Peat,8,200,1600,2024-05-23
Coconut Coir,8,12,96,2024-05-24
Coconut Husk Pole,5,65,325,2024-05-24
Coconut Shell Briquettes,7,90,630,2024-05-25
Coconut Shell Small Spoon,2,75,150,2024-05-26
Organic Fertilizer,10,15,150,2024-05-26
Organic Fertilizer,7,15,105,2024-05-27
Screened Coco Peat,9,250,2250,2024-05-28
Screened Coco Peat,9,250,2250,2024-05-29
Unscreened Coco Peat,6,200,1200,2024-05-29
Unscreened Coco Peat,6,200,1200,2024-05-30
Coconut Rope,8,35,280,2024-05-31
Coconut Mug,3,350,1050,2024-05-31
Large Woven Rattan Storage,4,450,1800,2024-06-01
Unscreened Coco Peat,8,200,1600,2024-06-02
Coconut Husk Pole,8,50,400,2024-06-03
Coconut Cup,3,350,1050,2024-06-03
Coconut Cup,1,350,350,2024-06-04
Coconut Mug,1,350,350,2024-06-05
Unscreened Coco Peat,9,200,1800,2024-06-05
Unscreened Coco Peat,10,200,2000,2024-06-06
Unscreened Coco Peat,7,200,1400,2024-06-07
Coconut Cup,2,350,700,2024-06-08
Coconut Mug,2,350,700,2024-06-08
Plant Stand,2,200,400,2024-06-09
Organic Fertilizer,7,15,105,2024-06-10
Screened Coco Peat,6,250,1500,2024-06-10
Unscreened Coco Peat,10,200,2000,2024-06-11
Unscreened Coco Peat,10,200,2000,2024-06-12
Coconut Rope,9,35,315,2024-06-12
Coconut Rope,7,35,245,2024-06-13
Coconut Coir,9,12,108,2024-06-14
Coconut Cup,1,350,350,2024-06-15
Woven Rattan Storage Basket,3,400,1200,2024-06-15
Plant Stand,2,200,400,2024-06-16
Plant Stand,2,200,400,2024-06-17
Screened Coco Peat,8,250,2000,2024-06-17
Screened Coco Peat,7,250,1750,2024-06-18
Screened Coco Peat,9,250,2250,2024-06-19
Coconut Coir,7,12,84,2024-06-20
Coconut Husk Pole,4,50,200,2024-06-20
Large Woven Rattan Storage,3,450,1350,2024-06-21
Large Woven Rattan Storage,2,450,900,2024-06-22
Plant Stand,3,200,600,2024-06-22
Unscreened Coco Peat,10,200,2000,2024-06-23
Woven Rattan Storage Basket,2,400,800,2024-06-24
Plant Stand,3,200,600,2024-06-25
Plant Stand,2,200,400,2024-06-25
Unscreened Coco Peat,9,200,1800,2024-06-26
Coconut Rope,5,35,175,2024-06-27
Woven Rattan Storage Basket,3,400,1200,2024-06-27
Woven Rattan Storage Basket,2,400,800,2024-06-28
Plant Stand,3,200,600,2024-06-29
Organic Fertilizer,9,15,135,2024-06-30
Organic Fertilizer,7,15,105,2024-06-30
Screened Coco Peat,10,250,2500,2024-07-01
Screened Coco Peat,6,250,1500,2024-07-02
Coconut Rope,7,35,245,2024-07-02
Coconut Husk Pole,7,50,350,2024-07-03
Coconut Mug,3,350,1050,2024-07-04
Plant Stand,2,200,400,2024-07-05
Plant Stand,2,200,400,2024-07-05
Screened Coco Peat,8,250,2000,2024-07-06
Screened Coco Peat,6,250,1500,2024-07-07
Coconut Husk Pole,6,50,300,2024-07-07
Coconut Shell Briquettes,8,90,720,2024-07-08
Coconut Mug,3,350,1050,2024-07-09
Coconut Husk Pole,5,50,250,2024-07-09
Coconut Husk Pole,7,50,350,2024-07-10
Coconut Cup,3,350,1050,2024-07-11
Organic Fertilizer,10,15,150,2024-07-12
Screened Coco Peat,9,250,2250,2024-07-12
Unscreened Coco Peat,8,200,1600,2024-07-13
Unscreened Coco Peat,6,200,1200,2024-07-14
Coconut Rope,9,35,315,2024-07-14
Coconut Shell Briquettes,6,90,540,2024-07-15
Large Woven Rattan Storage,3,450,1350,2024-07-16
Large Woven Rattan Storage,3,450,1350,2024-07-17
Unscreened Coco Peat,8,200,1600,2024-07-17
Coconut Husk Pole,4,80,320,2024-07-18
Coconut Husk Pole,5,80,400,2024-07-19
Coconut Shell Briquettes,9,90,810,2024-07-19
Coconut Mug,3,350,1050,2024-07-20
Coconut Mug,1,350,350,2024-07-21
Unscreened Coco Peat,10,200,2000,2024-07-22
Coconut Husk Pole,4,50,200,2024-07-22
Coconut Husk Pole,5,65,325,2024-07-23
Coconut Cup,1,350,350,2024-07-24
Coconut Cup,2,350,700,2024-07-24
Coconut Mug,1,350,350,2024-07-25
Coconut Wood Spatula,2,75,150,2024-07-26
Plant Stand,2,200,400,2024-07-27
Screened Coco Peat,8,250,2000,2024-07-27
Screened Coco Peat,7,250,1750,2024-07-28
Coconut Husk Pole,4,80,320,2024-07-29
Coconut Shell Briquettes,5,90,450,2024-07-29
Coconut Cup,3,350,1050,2024-07-30
Coconut Cup,2,350,700,2024-07-31
Woven Rattan Storage Basket,1,400,400,2024-08-01
Plant Stand,1,200,200,2024-08-01
Coconut Shell Small Spoon,1,75,75,2024-08-02
Organic Fertilizer,7,15,105,2024-08-03
Coconut Bowl,2,20,40,2024-08-03
Woven Rattan Storage Basket,4,400,1600,2024-08-04
Plant Stand,2,200,400,2024-08-05
Chopped Coconut Husk,2,30,60,2024-08-05
Organic Fertilizer,9,15,135,2024-08-06
Screened Coco Peat,10,250,2500,2024-08-07
Coconut Coir,8,12,96,2024-08-08
Coconut Mug,2,350,700,2024-08-08
Plant Stand,3,200,600,2024-08-09
Screened Coco Peat,8,250,2000,2024-08-10
Coconut Rope,5,35,175,2024-08-10
Coconut Shell Briquettes,7,90,630,2024-08-11
Coconut Mug,2,350,700,2024-08-12
Coconut Wood Spatula,3,75,225,2024-08-13
Large Woven Rattan Storage,2,450,900,2024-08-13
Woven Rattan Storage Basket,1,400,400,2024-08-14
Plant Stand,1,200,200,2024-08-15
Screened Coco Peat,6,250,1500,2024-08-15
Unscreened Coco Peat,9,200,1800,2024-08-16
Unscreened Coco Peat,7,200,1400,2024-08-17
Coconut Husk Pole,5,35,175,2024-08-18
Coconut Husk Pole,5,50,250,2024-08-18
Coconut Shell Briquettes,6,90,540,2024-08-19
Coconut Shell Briquettes,9,90,810,2024-08-20
Large Woven Rattan Storage,3,450,1350,2024-08-20
Plant Stand,2,200,400,2024-08-21
Coconut Husk Hanging Planter,3,50,150,2024-08-22
Coconut Coir,9,12,108,2024-08-23
Woven Rattan Storage Basket,3,400,1200,2024-08-23
Plant Stand,1,200,200,2024-08-24
Plant Stand,3,200,600,2024-08-25
Screened Coco Peat,7,250,1750,2024-08-25
Screened Coco Peat,9,250,2250,2024-08-26
Unscreened Coco Peat,10,200,2000,2024-08-27
Large Woven Rattan Storage,3,450,1350,2024-08-28
Woven Rattan Storage Basket,2,400,800,2024-08-28
Screened Coco Peat,10,250,2500,2024-08-29
Unscreened Coco Peat,7,200,1400,2024-08-30
Coconut Shell Briquettes,8,90,720,2024-08-30
Large Woven Rattan Storage,4,450,1800,2024-08-31
Plant Stand,2,200,400,2024-09-01
Chopped Coconut Husk,4,30,120,2024-09-01
Organic Fertilizer,7,15,105,2024-09-02
Organic Fertilizer,11,15,165,2024-09-03
Unscreened Coco Peat,9,200,1800,2024-09-04
Coconut Rope,8,35,280,2024-09-04
Coconut Mug,3,350,1050,2024-09-05
Large Woven Rattan Storage,3,450,1350,2024-09-06
Coconut Rope,5,35,175,2024-09-06
Coconut Rope,8,35,280,2024-09-07
Coconut Coir,7,12,84,2024-09-08
Coconut Coir,6,12,72,2024-09-09
Coconut Husk Pole,7,65,455,2024-09-09
Coconut Husk Pole,4,80,320,2024-09-10
Coconut Mug,3,350,1050,2024-09-11
Plant Stand,1,200,200,2024-09-11
Screened Coco Peat,6,250,1500,2024-09-12
Screened Coco Peat,10,250,2500,2024-09-13
Screened Coco Peat,6,250,1500,2024-09-14
Coconut Mug,1,350,350,2024-09-14
Large Woven Rattan Storage,4,450,1800,2024-09-15
Large Woven Rattan Storage,3,450,1350,2024-09-16
Screened Coco Peat,10,250,2500,2024-09-16
Coconut Rope,7,35,245,2024-09-17
Coconut Husk Pole,6,35,210,2024-09-18
Coconut Shell Briquettes,9,90,810,2024-09-19
Large Woven Rattan Storage,2,450,900,2024-09-19
Large Woven Rattan Storage,2,450,900,2024-09-20
Chopped Coconut Husk,4,30,120,2024-09-21
Unscreened Coco Peat,9,200,1800,2024-09-21
Coconut Shell Briquettes,6,90,540,2024-09-22
Coconut Cup,1,350,350,2024-09-23
Coconut Mug,1,350,350,2024-09-24
Screened Coco Peat,8,250,2000,2024-09-24
Screened Coco Peat,8,250,2000,2024-09-25
Coconut Husk Pole,5,35,175,2024-09-26
Coconut Shell Briquettes,5,90,450,2024-09-26
Coconut Wood Spatula,2,75,150,2024-09-27
Large Woven Rattan Storage,2,450,900,2024-09-28
Large Woven Rattan Storage,3,450,1350,2024-09-28
Plant Stand,2,200,400,2024-09-29
Organic Fertilizer,11,15,165,2024-09-30
Screened Coco Peat,10,250,2500,2024-10-01
Screened Coco Peat,6,250,1500,2024-10-01
Unscreened Coco Peat,8,200,1600,2024-10-02
Coconut Husk Pole,8,35,280,2024-10-03
Coconut Husk Pole,5,50,250,2024-10-03
Coconut Cup,2,350,700,2024-10-04
Large Woven Rattan Storage,4,450,1800,2024-10-05
Woven Rattan Storage Basket,3,400,1200,2024-10-06
Organic Fertilizer,7,15,105,2024-10-06
Screened Coco Peat,7,250,1750,2024-10-07
Coconut Rope,6,35,210,2024-10-08
Coconut Shell Briquettes,5,90,450,2024-10-08
Large Woven Rattan Storage,3,450,1350,2024-10-09
Plant Stand,1,200,200,2024-10-10
Organic Fertilizer,7,15,105,2024-10-11
Screened Coco Peat,9,250,2250,2024-10-11
Unscreened Coco Peat,8,200,1600,2024-10-12
Woven Rattan Storage Basket,3,400,1200,2024-10-13
Woven Rattan Storage Basket,3,400,1200,2024-10-13
Plant Stand,3,200,600,2024-10-14
Coconut Shell Small Spoon,2,75,150,2024-10-15
Organic Fertilizer,10,15,150,2024-10-16
Screened Coco Peat,6,250,1500,2024-10-16
Unscreened Coco Peat,8,200,1600,2024-10-17
Coconut Coir,7,12,84,2024-10-18
Coconut Coir,7,12,84,2024-10-18
Coconut Husk Pole,8,80,640,2024-10-19
Coconut Mug,3,350,1050,2024-10-20
Large Woven Rattan Storage,4,450,1800,2024-10-21
Organic Fertilizer,9,15,135,2024-10-21
Organic Fertilizer,10,15,150,2024-10-22
Coconut Shell Briquettes,8,90,720,2024-10-23
Coconut Shell Briquettes,6,90,540,2024-10-23
Coconut Bowl,1,20,20,2024-10-24
Woven Rattan Storage Basket,3,400,1200,2024-10-25
Unscreened Coco Peat,8,200,1600,2024-10-25
Unscreened Coco Peat,6,200,1200,2024-10-26
Coconut Coir,7,12,84,2024-10-27
Coconut Coir,6,12,72,2024-10-28
Coconut Shell Briquettes,6,90,540,2024-10-28
Large Woven Rattan Storage,4,450,1800,2024-10-29
Plant Stand,2,200,400,2024-10-30
Organic Fertilizer,8,15,120,2024-10-30
Unscreened Coco Peat,7,200,1400,2024-10-31
Coconut Rope,9,35,315,2024-11-01
Coconut Rope,8,35,280,2024-11-02
Coconut Rope,8,35,280,2024-11-02
Coconut Coir,10,12,120,2024-11-03
Coconut Shell Briquettes,6,90,540,2024-11-04
Coconut Shell Briquettes,7,90,630,2024-11-04
Woven Rattan Storage Basket,2,400,800,2024-11-05
Woven Rattan Storage Basket,1,400,400,2024-11-06
Woven Rattan Storage Basket,3,400,1200,2024-11-07
Plant Stand,1,200,200,2024-11-07
Coconut Rope,6,35,210,2024-11-08
Coconut Coir,10,12,120,2024-11-09
Coconut Husk Pole,6,35,210,2024-11-09
Coconut Shell Briquettes,6,90,540,2024-11-10
Coconut Mug,1,350,350,2024-11-11
Coconut Mug,3,350,1050,2024-11-12
Organic Fertilizer,9,15,135,2024-11-12
Coconut Rope,7,35,245,2024-11-13
Coconut Shell Briquettes,7,90,630,2024-11-14
Large Woven Rattan Storage,4,450,1800,2024-11-14
Woven Rattan Storage Basket,2,400,800,2024-11-15
Woven Rattan Storage Basket,1,400,400,2024-11-16
Woven Rattan Storage Basket,3,400,1200,2024-11-17
Organic Fertilizer,10,15,150,2024-11-17
Screened Coco Peat,7,250,1750,2024-11-18
Unscreened Coco Peat,10,200,2000,2024-11-19
Coconut Rope,8,35,280,2024-11-19
Coconut Husk Pole,5,65,325,2024-11-20
Coconut Shell Briquettes,5,90,450,2024-11-21
Coconut Shell Briquettes,6,90,540,2024-11-21
Large Woven Rattan Storage,2,450,900,2024-11-22
Woven Rattan Storage Basket,2,400,800,2024-11-23
Woven Rattan Storage Basket,3,400,1200,2024-11-24
Plant Stand,2,200,400,2024-11-24
Organic Fertilizer,9,15,135,2024-11-25
Unscreened Coco Peat,6,200,1200,2024-11-26
Coconut Husk Pole,5,35,175,2024-11-26
Coconut Shell Briquettes,8,90,720,2024-11-27
Coconut Bowl,1,20,20,2024-11-28
Coconut Mug,2,350,700,2024-11-29
Large Woven Rattan Storage,2,450,900,2024-11-29
Large Woven Rattan Storage,4,450,1800,2024-11-30
Large Woven Rattan Storage,3,450,1350,2024-12-01
Large Woven Rattan Storage,3,450,1350,2024-12-01
Plant Stand,3,200,600,2024-12-02
Organic Fertilizer,9,15,135,2024-12-03
Unscreened Coco Peat,6,200,1200,2024-12-04
Coconut Shell Briquettes,8,90,720,2024-12-04
Coconut Shell Briquettes,8,90,720,2024-12-05
Coconut Bowl,3,20,60,2024-12-06
Coconut Mug,3,350,1050,2024-12-06
Coconut Mug,1,350,350,2024-12-07
Woven Rattan Storage Basket,2,400,800,2024-12-08
Woven Rattan Storage Basket,3,400,1200,2024-12-09
Unscreened Coco Peat,7,200,1400,2024-12-09
Unscreened Coco Peat,6,200,1200,2024-12-10
Unscreened Coco Peat,8,200,1600,2024-12-11
Coconut Shell Briquettes,9,90,810,2024-12-11
Coconut Cup,1,350,350,2024-12-12
Coconut Cup,1,350,350,2024-12-13
Woven Rattan Storage Basket,3,400,1200,2024-12-14
Plant Stand,1,200,200,2024-12-14
Screened Coco Peat,6,250,1500,2024-12-15
Screened Coco Peat,9,250,2250,2024-12-16
Unscreened Coco Peat,9,200,1800,2024-12-16
Coconut Rope,5,35,175,2024-12-17
Coconut Rope,7,35,245,2024-12-18
Coconut Coir,10,12,120,2024-12-18
Coconut Shell Briquettes,8,90,720,2024-12-19
Coconut Mug,2,350,700,2024-12-20
Coconut Mug,3,350,1050,2024-12-21
Coconut Shell Rice Scoop,3,75,225,2024-12-21
Coconut Shell Rice Scoop,2,75,150,2024-12-22
Screened Coco Peat,7,250,1750,2024-12-23
Screened Coco Peat,6,250,1500,2024-12-23
Unscreened Coco Peat,7,200,1400,2024-12-24
Unscreened Coco Peat,9,200,1800,2024-12-25
Coconut Shell Briquettes,9,90,810,2024-12-26
Coconut Shell Briquettes,6,90,540,2024-12-26
Coconut Cup,1,350,350,2024-12-27
Large Woven Rattan Storage,4,450,1800,2024-12-28
Plant Stand,1,200,200,2024-12-28
Unscreened Coco Peat,7,200,1400,2024-12-29
Coconut Husk Pole,7,65,455,2024-12-30
Coconut Cup,3,350,1050,2024-12-31
Coconut Cup,1,350,350,2024-12-31
Coconut Mug,2,350,700,2025-01-01
Coconut Mug,3,350,1050,2025-01-02
Coconut Mug,1,350,350,2025-01-02
Large Woven Rattan Storage,4,450,1800,2025-01-03
Large Woven Rattan Storage,4,450,1800,2025-01-04
Organic Fertilizer,8,15,120,2025-01-05
Screened Coco Peat,7,250,1750,2025-01-05
Screened Coco Peat,6,250,1500,2025-01-06
Coconut Coir,7,12,84,2025-01-07
Coconut Husk Pole,7,35,245,2025-01-07
Coconut Husk Pole,5,50,250,2025-01-08
Coconut Husk Pole,4,65,260,2025-01-09
Organic Fertilizer,8,15,120,2025-01-10
Screened Coco Peat,10,250,2500,2025-01-10
Coconut Husk Pole,6,35,210,2025-01-11
Coconut Shell Briquettes,6,90,540,2025-01-12
Coconut Cup,3,350,1050,2025-01-12
Woven Rattan Storage Basket,2,400,800,2025-01-13
Woven Rattan Storage Basket,1,400,400,2025-01-14
Plant Stand,1,200,200,2025-01-14
Plant Stand,1,200,200,2025-01-15
Screened Coco Peat,7,250,1750,2025-01-16
Unscreened Coco Peat,7,200,1400,2025-01-17
Coconut Mug,3,350,1050,2025-01-17
Large Woven Rattan Storage,4,450,1800,2025-01-18
Plant Stand,3,200,600,2025-01-19
Organic Fertilizer,9,15,135,2025-01-19
Organic Fertilizer,10,15,150,2025-01-20
Organic Fertilizer,10,15,150,2025-01-21
Screened Coco Peat,7,250,1750,2025-01-22
Screened Coco Peat,10,250,2500,2025-01-22
Unscreened Coco Peat,9,200,1800,2025-01-23
Large Woven Rattan Storage,4,450,1800,2025-01-24
Woven Rattan Storage Basket,3,400,1200,2025-01-24
Organic Fertilizer,11,15,165,2025-01-25
Organic Fertilizer,8,15,120,2025-01-26
Screened Coco Peat,8,250,2000,2025-01-27
Coconut Shell Briquettes,5,90,450,2025-01-27
Coconut Cup,3,350,1050,2025-01-28
Coconut Cup,1,350,350,2025-01-29
Coconut Mug,3,350,1050,2025-01-29
Large Woven Rattan Storage,3,450,1350,2025-01-30
Woven Rattan Storage Basket,2,400,800,2025-01-31
Organic Fertilizer,9,15,135,2025-02-01
Organic Fertilizer,8,15,120,2025-02-01
Coconut Husk Pole,6,50,300,2025-02-02
Coconut Husk Pole,6,80,480,2025-02-03
Large Woven Rattan Storage,4,450,1800,2025-02-03
Woven Rattan Storage Basket,2,400,800,2025-02-04
Plant Stand,2,200,400,2025-02-05
Plant Stand,2,200,400,2025-02-06
Plant Stand,2,200,400,2025-02-06
Organic Fertilizer,9,15,135,2025-02-07
Organic Fertilizer,8,15,120,2025-02-08
Screened Coco Peat,10,250,2500,2025-02-08
Screened Coco Peat,6,250,1500,2025-02-09
Screened Coco Peat,7,250,1750,2025-02-10
Coconut Rope,7,35,245,2025-02-10
Coconut Rope,8,35,280,2025-02-11
Large Woven Rattan Storage,2,450,900,2025-02-12
Woven Rattan Storage Basket,2,400,800,2025-02-13
Coconut Shell Small Spoon,2,75,150,2025-02-13
Screened Coco Peat,9,250,2250,2025-02-14
Screened Coco Peat,8,250,2000,2025-02-15
Unscreened Coco Peat,10,200,2000,2025-02-15
Unscreened Coco Peat,6,200,1200,2025-02-16
Woven Rattan Storage Basket,3,400,1200,2025-02-17
Plant Stand,2,200,400,2025-02-18
Organic Fertilizer,7,15,105,2025-02-18
Unscreened Coco Peat,10,200,2000,2025-02-19
Coconut Husk Pole,6,50,300,2025-02-20
Coconut Cup,3,350,1050,2025-02-20
Unscreened Coco Peat,6,200,1200,2025-02-21
Coconut Rope,5,35,175,2025-02-22
Coconut Rope,8,35,280,2025-02-23
Coconut Coir,8,12,96,2025-02-23
Coconut Coir,6,12,72,2025-02-24
Coconut Husk Pole,7,50,350,2025-02-25
Coconut Shell Briquettes,6,90,540,2025-02-25
Large Woven Rattan Storage,2,450,900,2025-02-26
Plant Stand,2,200,400,2025-02-27
Screened Coco Peat,7,250,1750,2025-02-28
Unscreened Coco Peat,9,200,1800,2025-02-28
Coconut Cup,1,350,350,2025-03-01
Woven Rattan Storage Basket,4,400,1600,2025-03-02
Screened Coco Peat,8,250,2000,2025-03-02
Unscreened Coco Peat,9,200,1800,2025-03-03
Coconut Shell Briquettes,6,90,540,2025-03-04
Organic Fertilizer,11,15,165,2025-03-05
Screened Coco Peat,9,250,2250,2025-03-05
Unscreened Coco Peat,8,200,1600,2025-03-06
Coconut Mug,1,350,350,2025-03-07
Large Woven Rattan Storage,2,450,900,2025-03-07
Large Woven Rattan Storage,2,450,900,2025-03-08
Large Woven Rattan Storage,4,450,1800,2025-03-09
Screened Coco Peat,6,250,1500,2025-03-09
Screened Coco Peat,8,250,2000,2025-03-10
Screened Coco Peat,9,250,2250,2025-03-11
Coconut Husk Pole,6,50,300,2025-03-12
Coconut Husk Pole,4,50,200,2025-03-12
Coconut Husk Pole,4,80,320,2025-03-13
Coconut Husk Pole,5,80,400,2025-03-14
Coconut Shell Briquettes,6,90,540,2025-03-14
Coconut Cup,3,350,1050,2025-03-15
Large Woven Rattan Storage,4,450,1800,2025-03-16
Large Woven Rattan Storage,4,450,1800,2025-03-17
Plant Stand,3,200,600,2025-03-17
Screened Coco Peat,6,250,1500,2025-03-18
Unscreened Coco Peat,10,200,2000,2025-03-19
Unscreened Coco Peat,7,200,1400,2025-03-19
Coconut Coir,7,12,84,2025-03-20
Woven Rattan Storage Basket,1,400,400,2025-03-21
Unscreened Coco Peat,6,200,1200,2025-03-22
Coconut Rope,7,35,245,2025-03-22
Coconut Shell Briquettes,5,90,450,2025-03-23
Coconut Cup,1,350,350,2025-03-24
Coconut Mug,3,350,1050,2025-03-24
Keychain,2,30,60,2025-03-25
Large Woven Rattan Storage,2,450,900,2025-03-26
Woven Rattan Storage Basket,2,400,800,2025-03-27
Woven Rattan Storage Basket,1,400,400,2025-03-27
Coconut Shell Ladle,1,75,75,2025-03-28
Coconut Shell Briquettes,7,90,630,2025-03-29
Coconut Shell Briquettes,7,90,630,2025-03-29
Screened Coco Peat,7,250,1750,2025-03-30
Unscreened Coco Peat,9,200,1800,2025-03-31
Coconut Rope,9,35,315,2025-04-01
Coconut Coir,10,12,120,2025-04-01
Coconut Mug,1,350,350,2025-04-02
Coconut Shell Ladle,1,75,75,2025-04-03
Coconut Rope,5,35,175,2025-04-03
Coconut Cup,3,350,1050,2025-04-04
Coconut Mug,2,350,700,2025-04-05
Coconut Mug,1,350,350,2025-04-05
Coconut Mug,1,350,350,2025-04-06
Plant Stand,2,200,400,2025-04-07
Organic Fertilizer,11,15,165,2025-04-08
Unscreened Coco Peat,6,200,1200,2025-04-08
Unscreened Coco Peat,6,200,1200,2025-04-09
Coconut Coir,8,12,96,2025-04-10
Coconut Husk Pole,6,50,300,2025-04-10
Coconut Shell Briquettes,6,90,540,2025-04-11
Coconut Shell Rice Scoop,3,75,225,2025-04-12
Large Woven Rattan Storage,3,450,1350,2025-04-13
Plant Stand,2,200,400,2025-04-13
Coconut Shell Ladle,3,75,225,2025-04-14
Screened Coco Peat,6,250,1500,2025-04-15
Coconut Rope,6,35,210,2025-04-15
Coconut Shell Briquettes,6,90,540,2025-04-16
Coconut Cup,2,350,700,2025-04-17
Large Woven Rattan Storage,4,450,1800,2025-04-18
Plant Stand,3,200,600,2025-04-18
Organic Fertilizer,9,15,135,2025-04-19
Screened Coco Peat,8,250,2000,2025-04-20
Coconut Rope,7,35,245,2025-04-20
Coconut Husk Pole,6,80,480,2025-04-21
Coconut Shell Briquettes,7,90,630,2025-04-22
Plant Stand,1,200,200,2025-04-23
Organic Fertilizer,11,15,165,2025-04-23
Organic Fertilizer,7,15,105,2025-04-24
Organic Fertilizer,9,15,135,2025-04-25
Coconut Coir,7,12,84,2025-04-25
Plant Stand,2,200,400,2025-04-26
Organic Fertilizer,10,15,150,2025-04-27
Coconut Rope,7,35,245,2025-04-28
Coconut Shell Briquettes,7,90,630,2025-04-28
Coconut Cup,3,350,1050,2025-04-29
Coconut Mug,1,350,350,2025-04-30
Coconut Mug,3,350,1050,2025-04-30
Large Woven Rattan Storage,3,450,1350,2025-05-01
Plant Stand,2,200,400,2025-05-02
Plant Stand,3,200,600,2025-05-02
Unscreened Coco Peat,9,200,1800,2025-05-03
Coconut Coir,7,12,84,2025-05-04
Coconut Shell Briquettes,6,90,540,2025-05-05
Coconut Mug,2,350,700,2025-05-05
Coconut Mug,1,350,350,2025-05-06
Coconut Shell Ladle,1,75,75,2025-05-07
Organic Fertilizer,8,15,120,2025-05-07
Unscreened Coco Peat,6,200,1200,2025-05-08
Coconut Rope,5,35,175,2025-05-09
Coconut Husk Pole,8,35,280,2025-05-10
Coconut Shell Briquettes,8,90,720,2025-05-10
Coconut Bowl,1,20,20,2025-05-11
Coconut Cup,2,350,700,2025-05-12
Coconut Shell Small Spoon,3,75,225,2025-05-12
Coconut Shell Small Spoon,3,75,225,2025-05-13
Coconut Coir,7,12,84,2025-05-14
Large Woven Rattan Storage,3,450,1350,2025-05-15
Large Woven Rattan Storage,4,450,1800,2025-05-15
Woven Rattan Storage Basket,3,400,1200,2025-05-16
Plant Stand,2,200,400,2025-05-17
Coconut Rope,8,35,280,2025-05-17
Coconut Rope,5,35,175,2025-05-18
Coconut Coir,7,12,84,2025-05-19
Coconut Husk Pole,7,50,350,2025-05-20
Coconut Shell Briquettes,9,90,810,2025-05-20
Coconut Cup,1,350,350,2025-05-21
Coconut Wood Spatula,3,75,225,2025-05-22
Large Woven Rattan Storage,4,450,1800,2025-05-22
Large Woven Rattan Storage,4,450,1800,2025-05-23
Woven Rattan Storage Basket,4,400,1600,2025-05-24
Plant Stand,2,200,400,2025-05-25
Plant Stand,2,200,400,2025-05-25
Plant Stand,1,200,200,2025-05-26
Plant Stand,3,200,600,2025-05-27
Organic Fertilizer,10,15,150,2025-05-27
Unscreened Coco Peat,9,200,1800,2025-05-28
Coconut Rope,7,35,245,2025-05-29
Coconut Coir,9,12,108,2025-05-29
Coconut Shell Rice Scoop,4,75,300,2025-05-30
Large Woven Rattan Storage,4,450,1800,2025-05-31
Large Woven Rattan Storage,4,450,1800,2025-06-01
Plant Stand,1,200,200,2025-06-01
Chopped Coconut Husk,2,30,60,2025-06-02
Screened Coco Peat,7,250,1750,2025-06-03
Unscreened Coco Peat,9,200,1800,2025-06-03
Unscreened Coco Peat,7,200,1400,2025-06-04
Unscreened Coco Peat,10,200,2000,2025-06-05
Coconut Cup,3,350,1050,2025-06-06
Coconut Mug,3,350,1050,2025-06-06
Plant Stand,2,200,400,2025-06-07
Screened Coco Peat,8,250,2000,2025-06-08
Unscreened Coco Peat,6,200,1200,2025-06-08
Unscreened Coco Peat,6,200,1200,2025-06-09
Coconut Shell Briquettes,7,90,630,2025-06-10
Coconut Wood Spatula,2,75,150,2025-06-11
Woven Rattan Storage Basket,3,400,1200,2025-06-11
Organic Fertilizer,7,15,105,2025-06-12
Organic Fertilizer,11,15,165,2025-06-13
Screened Coco Peat,8,250,2000,2025-06-13
Screened Coco Peat,7,250,1750,2025-06-14
Coconut Husk Pole,8,65,520,2025-06-15
Coconut Shell Briquettes,8,90,720,2025-06-16
Coconut Cup,1,350,350,2025-06-16
Plant Stand,1,200,200,2025-06-17
Plant Stand,2,200,400,2025-06-18
Organic Fertilizer,9,15,135,2025-06-18
Screened Coco Peat,9,250,2250,2025-06-19
Unscreened Coco Peat,9,200,1800,2025-06-20
Coconut Shell Briquettes,8,90,720,2025-06-21
Coconut Shell Briquettes,8,90,720,2025-06-21
Coconut Shell Briquettes,6,90,540,2025-06-22
Large Woven Rattan Storage,2,450,900,2025-06-23
Plant Stand,1,200,200,2025-06-23
Plant Stand,1,200,200,2025-06-24
Plant Stand,3,200,600,2025-06-25
Screened Coco Peat,9,250,2250,2025-06-25
Screened Coco Peat,7,250,1750,2025-06-26
Screened Coco Peat,9,250,2250,2025-06-27
Unscreened Coco Peat,8,200,1600,2025-06-28
Coconut Cup,1,350,350,2025-06-28
Coconut Mug,1,350,350,2025-06-29
Large Woven Rattan Storage,4,450,1800,2025-06-30
Plant Stand,1,200,200,2025-06-30
Screened Coco Peat,10,250,2500,2025-07-01
Coconut Coir,10,12,120,2025-07-02
Coconut Husk Pole,6,50,300,2025-07-03
Large Woven Rattan Storage,4,450,1800,2025-07-03
Woven Rattan Storage Basket,3,400,1200,2025-07-04
Woven Rattan Storage Basket,3,400,1200,2025-07-05
Coconut Shell Ladle,1,75,75,2025-07-05
Organic Fertilizer,7,15,105,2025-07-06
Coconut Shell Briquettes,5,90,450,2025-07-07
Coconut Cup,3,350,1050,2025-07-08
Coconut Cup,2,350,700,2025-07-08
Large Woven Rattan Storage,2,450,900,2025-07-09
Plant Stand,1,200,200,2025-07-10
Screened Coco Peat,10,250,2500,2025-07-10
Coconut Cup,2,350,700,2025-07-11
Coconut Mug,2,350,700,2025-07-12
Coconut Mug,1,350,350,2025-07-13
Plant Stand,3,200,600,2025-07-13
Organic Fertilizer,8,15,120,2025-07-14
Organic Fertilizer,8,15,120,2025-07-15
Screened Coco Peat,10,250,2500,2025-07-15
Unscreened Coco Peat,7,200,1400,2025-07-16
Unscreened Coco Peat,9,200,1800,2025-07-17
Large Woven Rattan Storage,3,450,1350,2025-07-18
Large Woven Rattan Storage,2,450,900,2025-07-18
Plant Stand,2,200,400,2025-07-19
Organic Fertilizer,7,15,105,2025-07-20
Organic Fertilizer,9,15,135,2025-07-20
Screened Coco Peat,9,250,2250,2025-07-21
Screened Coco Peat,10,250,2500,2025-07-22
Screened Coco Peat,8,250,2000,2025-07-22
Coconut Rope,6,35,210,2025-07-23
Coconut Rope,7,35,245,2025-07-24
Coconut Coir,7,12,84,2025-07-25
Coconut Bowl,3,20,60,2025-07-25
Coconut Cup,3,350,1050,2025-07-26
Coconut Mug,1,350,350,2025-07-27
Coconut Mug,1,350,350,2025-07-27
Large Woven Rattan Storage,3,450,1350,2025-07-28
Woven Rattan Storage Basket,2,400,800,2025-07-29
Plant Stand,3,200,600,2025-07-30
Coconut Shell Briquettes,9,90,810,2025-07-30
Coconut Cup,3,350,1050,2025-07-31
Coconut Mug,1,350,350,2025-08-01
Large Woven Rattan Storage,2,450,900,2025-08-01
Woven Rattan Storage Basket,3,400,1200,2025-08-02
Plant Stand,3,200,600,2025-08-03
Coconut Husk Hanging Planter,3,50,150,2025-08-04
Screened Coco Peat,6,250,1500,2025-08-04
Coconut Shell Briquettes,6,90,540,2025-08-05
Coconut Bowl,1,20,20,2025-08-06
Keychain,4,30,120,2025-08-06
Coconut Wood Spatula,3,75,225,2025-08-07
Plant Stand,1,200,200,2025-08-08
Screened Coco Peat,10,250,2500,2025-08-09
Unscreened Coco Peat,10,200,2000,2025-08-09
Coconut Husk Pole,5,65,325,2025-08-10
Coconut Husk Pole,4,65,260,2025-08-11
Coconut Bowl,1,20,20,2025-08-11
Coconut Mug,1,350,350,2025-08-12
Large Woven Rattan Storage,2,450,900,2025-08-13
Organic Fertilizer,7,15,105,2025-08-14
Unscreened Coco Peat,9,200,1800,2025-08-14
Coconut Cup,2,350,700,2025-08-15
Coconut Mug,2,350,700,2025-08-16
Plant Stand,2,200,400,2025-08-16
Coconut Husk Hanging Planter,1,50,50,2025-08-17
Organic Fertilizer,11,15,165,2025-08-18
Screened Coco Peat,10,250,2500,2025-08-18
Coconut Rope,6,35,210,2025-08-19
Coconut Husk Pole,5,50,250,2025-08-20
Coconut Shell Briquettes,9,90,810,2025-08-21
Coconut Cup,2,350,700,2025-08-21
Coconut Mug,2,350,700,2025-08-22
Screened Coco Peat,8,250,2000,2025-08-23
Unscreened Coco Peat,10,200,2000,2025-08-23
Unscreened Coco Peat,8,200,1600,2025-08-24
Coconut Mug,2,350,700,2025-08-25
Large Woven Rattan Storage,2,450,900,2025-08-26
Woven Rattan Storage Basket,3,400,1200,2025-08-26
Screened Coco Peat,7,250,1750,2025-08-27
Screened Coco Peat,6,250,1500,2025-08-28
Screened Coco Peat,7,250,1750,2025-08-28
Unscreened Coco Peat,8,200,1600,2025-08-29
Unscreened Coco Peat,10,200,2000,2025-08-30
Unscreened Coco Peat,9,200,1800,2025-08-31
Coconut Cup,1,350,350,2025-08-31
Coconut Mug,3,350,1050,2025-09-01
Coconut Shell Rice Scoop,4,75,300,2025-09-02
Unscreened Coco Peat,9,200,1800,2025-09-02
Coconut Coir,8,12,96,2025-09-03
Coconut Mug,1,350,350,2025-09-04
Coconut Mug,3,350,1050,2025-09-05
Large Woven Rattan Storage,4,450,1800,2025-09-05
Plant Stand,1,200,200,2025-09-06
Plant Stand,2,200,400,2025-09-07
Plant Stand,1,200,200,2025-09-07
Screened Coco Peat,7,250,1750,2025-09-08
Screened Coco Peat,10,250,2500,2025-09-09
Screened Coco Peat,7,250,1750,2025-09-10
Unscreened Coco Peat,7,200,1400,2025-09-10
Coconut Rope,8,35,280,2025-09-11
Coconut Cup,3,350,1050,2025-09-12
Coconut Mug,2,350,700,2025-09-12
Coconut Mug,1,350,350,2025-09-13
Keychain,3,30,90,2025-09-14
Coconut Wood Spatula,2,75,150,2025-09-14
Organic Fertilizer,9,15,135,2025-09-15
Screened Coco Peat,9,250,2250,2025-09-16
Unscreened Coco Peat,8,200,1600,2025-09-17
Unscreened Coco Peat,7,200,1400,2025-09-17
Coconut Husk Pole,7,80,560,2025-09-18
Coconut Cup,1,350,350,2025-09-19
Coconut Mug,1,350,350,2025-09-19
Coconut Wood Spatula,4,75,300,2025-09-20
Woven Rattan Storage Basket,2,400,800,2025-09-21
Screened Coco Peat,10,250,2500,2025-09-22
Unscreened Coco Peat,10,200,2000,2025-09-22
Coconut Shell Rice Scoop,2,75,150,2025-09-23
Large Woven Rattan Storage,3,450,1350,2025-09-24
Woven Rattan Storage Basket,3,400,1200,2025-09-24
Organic Fertilizer,7,15,105,2025-09-25
Coconut Coir,8,12,96,2025-09-26
Coconut Husk Pole,7,80,560,2025-09-27
Coconut Shell Briquettes,5,90,450,2025-09-27
Coconut Cup,3,350,1050,2025-09-28
Coconut Cup,3,350,1050,2025-09-29
Large Woven Rattan Storage,4,450,1800,2025-09-29
Woven Rattan Storage Basket,3,400,1200,2025-09-30
Organic Fertilizer,11,15,165,2025-10-01
Unscreened Coco Peat,8,200,1600,2025-10-02
Coconut Cup,1,350,350,2025-10-02
Coconut Mug,3,350,1050,2025-10-03
Plant Stand,2,200,400,2025-10-04
Organic Fertilizer,10,15,150,2025-10-04
Screened Coco Peat,8,250,2000,2025-10-05
Screened Coco Peat,9,250,2250,2025-10-06
Coconut Mug,2,350,700,2025-10-07
Large Woven Rattan Storage,2,450,900,2025-10-07
Organic Fertilizer,8,15,120,2025-10-08
Organic Fertilizer,10,15,150,2025-10-09
Screened Coco Peat,7,250,1750,2025-10-09
Unscreened Coco Peat,8,200,1600,2025-10-10
Unscreened Coco Peat,10,200,2000,2025-10-11
Coconut Mug,3,350,1050,2025-10-11
Keychain,3,30,90,2025-10-12
Large Woven Rattan Storage,3,450,1350,2025-10-13
Woven Rattan Storage Basket,2,400,800,2025-10-14
Screened Coco Peat,8,250,2000,2025-10-14
Coconut Husk Pole,4,35,140,2025-10-15
Coconut Cup,3,350,1050,2025-10-16
Woven Rattan Storage Basket,1,400,400,2025-10-16
Plant Stand,2,200,400,2025-10-17
Coconut Shell Ladle,3,75,225,2025-10-18
Screened Coco Peat,8,250,2000,2025-10-19
Coconut Rope,5,35,175,2025-10-19
Coconut Cup,3,350,1050,2025-10-20
Coconut Shell Rice Scoop,4,75,300,2025-10-21
Plant Stand,2,200,400,2025-10-21
Coconut Husk Hanging Planter,1,50,50,2025-10-22
Coconut Coir,9,12,108,2025-10-23
Coconut Shell Briquettes,5,90,450,2025-10-24
Coconut Shell Briquettes,6,90,540,2025-10-24
Coconut Cup,1,350,350,2025-10-25
Coconut Wood Spatula,2,75,150,2025-10-26
Large Woven Rattan Storage,4,450,1800,2025-10-26
Large Woven Rattan Storage,3,450,1350,2025-10-27
Organic Fertilizer,11,15,165,2025-10-28
Unscreened Coco Peat,6,200,1200,2025-10-29
Coconut Shell Briquettes,9,90,810,2025-10-29
Coconut Mug,2,350,700,2025-10-30
Plant Stand,1,200,200,2025-10-31
Organic Fertilizer,10,15,150,2025-10-31
Unscreened Coco Peat,8,200,1600,2025-11-01
Coconut Rope,8,35,280,2025-11-02
Coconut Coir,7,12,84,2025-11-03
Woven Rattan Storage Basket,3,400,1200,2025-11-03
Plant Stand,2,200,400,2025-11-04
Chopped Coconut Husk,3,30,90,2025-11-05
Coconut Cup,2,350,700,2025-11-05
Coconut Mug,2,350,700,2025-11-06
Woven Rattan Storage Basket,2,400,800,2025-11-07
Coconut Husk Hanging Planter,1,50,50,2025-11-07
Screened Coco Peat,6,250,1500,2025-11-08
Unscreened Coco Peat,8,200,1600,2025-11-09
Coconut Husk Pole,5,50,250,2025-11-10
Coconut Cup,1,350,350,2025-11-10
Large Woven Rattan Storage,2,450,900,2025-11-11
Woven Rattan Storage Basket,3,400,1200,2025-11-12
Plant Stand,3,200,600,2025-11-12
Coconut Rope,6,35,210,2025-11-13
Coconut Coir,8,12,96,2025-11-14
Coconut Shell Briquettes,9,90,810,2025-11-15
Large Woven Rattan Storage,2,450,900,2025-11-15
Woven Rattan Storage Basket,3,400,1200,2025-11-16
Woven Rattan Storage Basket,3,400,1200,2025-11-17
Plant Stand,2,200,400,2025-11-17
Screened Coco Peat,8,250,2000,2025-11-18
Coconut Shell Briquettes,9,90,810,2025-11-19
Coconut Mug,1,350,350,2025-11-20
Screened Coco Peat,8,250,2000,2025-11-20
Unscreened Coco Peat,6,200,1200,2025-11-21
Woven Rattan Storage Basket,4,400,1600,2025-11-22
Plant Stand,2,200,400,2025-11-22
Plant Stand,1,200,200,2025-11-23
Screened Coco Peat,8,250,2000,2025-11-24
Unscreened Coco Peat,8,200,1600,2025-11-25
Coconut Rope,9,35,315,2025-11-25
Coconut Shell Briquettes,8,90,720,2025-11-26
Coconut Shell Briquettes,9,90,810,2025-11-27
Coconut Cup,1,350,350,2025-11-27
Keychain,2,30,60,2025-11-28
Large Woven Rattan Storage,4,450,1800,2025-11-29
Plant Stand,3,200,600,2025-11-30
Plant Stand,1,200,200,2025-11-30
Plant Stand,1,200,200,2025-12-01
Plant Stand,3,200,600,2025-12-02
Screened Coco Peat,9,250,2250,2025-12-02
Unscreened Coco Peat,8,200,1600,2025-12-03
Coconut Rope,7,35,245,2025-12-04
Large Woven Rattan Storage,4,450,1800,2025-12-04
Large Woven Rattan Storage,2,450,900,2025-12-05
Plant Stand,2,200,400,2025-12-06
Organic Fertilizer,9,15,135,2025-12-07
Unscreened Coco Peat,8,200,1600,2025-12-07
Coconut Rope,9,35,315,2025-12-08
Coconut Coir,7,12,84,2025-12-09
Coconut Husk Pole,6,80,480,2025-12-09
Coconut Cup,3,350,1050,2025-12-10
Coconut Mug,2,350,700,2025-12-11
Large Woven Rattan Storage,3,450,1350,2025-12-12
Screened Coco Peat,9,250,2250,2025-12-12
Coconut Rope,8,35,280,2025-12-13
Coconut Coir,6,12,72,2025-12-14
Coconut Husk Pole,5,35,175,2025-12-14
Coconut Cup,2,350,700,2025-12-15
Large Woven Rattan Storage,2,450,900,2025-12-16
Large Woven Rattan Storage,3,450,1350,2025-12-17
Large Woven Rattan Storage,4,450,1800,2025-12-17
Plant Stand,1,200,200,2025-12-18
Unscreened Coco Peat,6,200,1200,2025-12-19
Coconut Coir,7,12,84,2025-12-19
Coconut Coir,5,12,60,2025-12-20
Coconut Shell Briquettes,9,90,810,2025-12-21
Coconut Cup,3,350,1050,2025-12-22
Large Woven Rattan Storage,4,450,1800,2025-12-22
Large Woven Rattan Storage,4,450,1800,2025-12-23
Large Woven Rattan Storage,3,450,1350,2025-12-24
Plant Stand,2,200,400,2025-12-24
Screened Coco Peat,10,250,2500,2025-12-25
Screened Coco Peat,9,250,2250,2025-12-26
Unscreened Coco Peat,8,200,1600,2025-12-27
Coconut Rope,8,35,280,2025-12-27
Plant Stand,1,200,200,2025-12-28
Screened Coco Peat,6,250,1500,2025-12-29
Screened Coco Peat,9,250,2250,2025-12-29
Unscreened Coco Peat,8,200,1600,2025-12-30
Coconut Rope,6,35,210,2025-12-31
Coconut Cup,1,350,350,2025-12-31
Keychain,4,30,120,2026-01-01
Organic Fertilizer,10,15,150,2026-01-02
Organic Fertilizer,7,15,105,2026-01-03
Screened Coco Peat,9,250,2250,2026-01-03
Unscreened Coco Peat,8,200,1600,2026-01-04
Coconut Rope,5,35,175,2026-01-05
Coconut Coir,6,12,72,2026-01-05
Large Woven Rattan Storage,3,450,1350,2026-01-06
Woven Rattan Storage Basket,4,400,1600,2026-01-07
Woven Rattan Storage Basket,2,400,800,2026-01-08
Chopped Coconut Husk,3,30,90,2026-01-08
Organic Fertilizer,7,15,105,2026-01-09
Coconut Coir,7,12,84,2026-01-10
Coconut Mug,3,350,1050,2026-01-10
Organic Fertilizer,11,15,165,2026-01-11
Coconut Rope,8,35,280,2026-01-12
Coconut Rope,9,35,315,2026-01-13
Woven Rattan Storage Basket,1,400,400,2026-01-13
Woven Rattan Storage Basket,2,400,800,2026-01-14
Coconut Rope,8,35,280,2026-01-15
Coconut Mug,1,350,350,2026-01-15
Large Woven Rattan Storage,2,450,900,2026-01-16
Coconut Shell Small Spoon,4,75,300,2026-01-17
Screened Coco Peat,8,250,2000,2026-01-18
Coconut Rope,5,35,175,2026-01-18
Coconut Coir,7,12,84,2026-01-19
Coconut Husk Pole,6,65,390,2026-01-20
Coconut Shell Briquettes,6,90,540,2026-01-20
Coconut Cup,2,350,700,2026-01-21
Coconut Shell Rice Scoop,2,75,150,2026-01-22
Large Woven Rattan Storage,2,450,900,2026-01-23
Chopped Coconut Husk,4,30,120,2026-01-23
Coconut Rope,6,35,210,2026-01-24
Coconut Bowl,3,20,60,2026-01-25
Coconut Cup,2,350,700,2026-01-25
Coconut Mug,3,350,1050,2026-01-26
Organic Fertilizer,8,15,120,2026-01-27
Unscreened Coco Peat,8,200,1600,2026-01-27
Unscreened Coco Peat,7,200,1400,2026-01-28
Coconut Coir,10,12,120,2026-01-29
Coconut Shell Briquettes,8,90,720,2026-01-30
Coconut Cup,3,350,1050,2026-01-30
Coconut Cup,3,350,1050,2026-01-31
Screened Coco Peat,8,250,2000,2026-02-01
Coconut Shell Briquettes,9,90,810,2026-02-01
Screened Coco Peat,7,250,1750,2026-02-02
Coconut Shell Briquettes,8,90,720,2026-02-03
Coconut Cup,3,350,1050,2026-02-04
Keychain,3,30,90,2026-02-04
Plant Stand,1,200,200,2026-02-05
Plant Stand,3,200,600,2026-02-06
Screened Coco Peat,7,250,1750,2026-02-06
Unscreened Coco Peat,6,200,1200,2026-02-07
Unscreened Coco Peat,7,200,1400,2026-02-08
Coconut Coir,8,12,96,2026-02-09
Coconut Husk Pole,8,50,400,2026-02-09
Coconut Husk Pole,8,65,520,2026-02-10
Coconut Shell Briquettes,5,90,450,2026-02-11
Coconut Mug,3,350,1050,2026-02-11
Large Woven Rattan Storage,3,450,1350,2026-02-12
Large Woven Rattan Storage,3,450,1350,2026-02-13
Plant Stand,2,200,400,2026-02-14
Unscreened Coco Peat,8,200,1600,2026-02-14
Coconut Rope,6,35,210,2026-02-15
Coconut Cup,2,350,700,2026-02-16
Coconut Shell Rice Scoop,2,75,150,2026-02-16
Plant Stand,3,200,600,2026-02-17
Plant Stand,2,200,400,2026-02-18
Organic Fertilizer,9,15,135,2026-02-19
Screened Coco Peat,7,250,1750,2026-02-19
Woven Rattan Storage Basket,2,400,800,2026-02-20
Plant Stand,3,200,600,2026-02-21
Unscreened Coco Peat,7,200,1400,2026-02-21
Coconut Rope,5,35,175,2026-02-22
Coconut Rope,9,35,315,2026-02-23
Coconut Mug,3,350,1050,2026-02-23
Woven Rattan Storage Basket,4,400,1600,2026-02-24
Plant Stand,2,200,400,2026-02-25
Plant Stand,1,200,200,2026-02-26
Unscreened Coco Peat,8,200,1600,2026-02-26
Coconut Coir,5,12,60,2026-02-27
Coconut Cup,1,350,350,2026-02-28
Large Woven Rattan Storage,4,450,1800,2026-02-28
Woven Rattan Storage Basket,1,400,400,2026-03-01
Coconut Husk Hanging Planter,1,50,50,2026-03-02
Organic Fertilizer,7,15,105,2026-03-03
Organic Fertilizer,10,15,150,2026-03-03
Screened Coco Peat,7,250,1750,2026-03-04
Unscreened Coco Peat,6,200,1200,2026-03-05
Coconut Shell Briquettes,5,90,450,2026-03-05
Coconut Cup,3,350,1050,2026-03-06
Coconut Cup,3,350,1050,2026-03-07
Plant Stand,3,200,600,2026-03-08
Coconut Husk Hanging Planter,3,50,150,2026-03-08
Screened Coco Peat,6,250,1500,2026-03-09
Coconut Shell Briquettes,5,90,450,2026-03-10
Coconut Shell Briquettes,9,90,810,2026-03-10
Large Woven Rattan Storage,2,450,900,2026-03-11
Woven Rattan Storage Basket,2,400,800,2026-03-12
Organic Fertilizer,9,15,135,2026-03-13
Organic Fertilizer,7,15,105,2026-03-13
Organic Fertilizer,9,15,135,2026-03-14
Unscreened Coco Peat,10,200,2000,2026-03-15
Unscreened Coco Peat,6,200,1200,2026-03-15
Organic Fertilizer,9,15,135,2026-03-16
Organic Fertilizer,10,15,150,2026-03-17
Screened Coco Peat,6,250,1500,2026-03-18
Coconut Husk Pole,7,50,350,2026-03-18
Coconut Cup,2,350,700,2026-03-19
Coconut Mug,1,350,350,2026-03-20
Coconut Mug,3,350,1050,2026-03-20
Unscreened Coco Peat,7,200,1400,2026-03-21
Coconut Rope,9,35,315,2026-03-22
Coconut Rope,9,35,315,2026-03-22
Coconut Shell Briquettes,8,90,720,2026-03-23
Coconut Shell Briquettes,9,90,810,2026-03-24
Plant Stand,2,200,400,2026-03-25
Organic Fertilizer,8,15,120,2026-03-25
Screened Coco Peat,9,250,2250,2026-03-26
Unscreened Coco Peat,6,200,1200,2026-03-27
Coconut Rope,5,35,175,2026-03-27
Organic Fertilizer,9,15,135,2026-03-28
Screened Coco Peat,6,250,1500,2026-03-29
Coconut Husk Pole,5,80,400,2026-03-30
Coconut Shell Briquettes,7,90,630,2026-03-30
Coconut Shell Rice Scoop,3,75,225,2026-03-31
Large Woven Rattan Storage,3,450,1350,2026-04-01
Woven Rattan Storage Basket,2,400,800,2026-04-01
Plant Stand,2,200,400,2026-04-02
Unscreened Coco Peat,7,200,1400,2026-04-03
Woven Rattan Storage Basket,1,400,400,2026-04-04
Screened Coco Peat,10,250,2500,2026-04-04
Coconut Shell Briquettes,7,90,630,2026-04-05
Coconut Cup,3,350,1050,2026-04-06
Plant Stand,1,200,200,2026-04-06
Plant Stand,3,200,600,2026-04-07
Screened Coco Peat,8,250,2000,2026-04-08
Coconut Shell Briquettes,8,90,720,2026-04-09
Coconut Mug,3,350,1050,2026-04-09
Coconut Mug,1,350,350,2026-04-10
Coconut Shell Rice Scoop,1,75,75,2026-04-11
Woven Rattan Storage Basket,2,400,800,2026-04-11
Plant Stand,2,200,400,2026-04-12
Plant Stand,3,200,600,2026-04-13
Organic Fertilizer,11,15,165,2026-04-14
Screened Coco Peat,6,250,1500,2026-04-14
Screened Coco Peat,9,250,2250,2026-04-15
Screened Coco Peat,7,250,1750,2026-04-16
Coconut Husk Pole,5,50,250,2026-04-16
Coconut Shell Briquettes,5,90,450,2026-04-17
Coconut Cup,2,350,700,2026-04-18
Coconut Wood Spatula,2,75,150,2026-04-18
Plant Stand,1,200,200,2026-04-19
Plant Stand,1,200,200,2026-04-20
Unscreened Coco Peat,10,200,2000,2026-04-21
Coconut Coir,7,12,84,2026-04-21
Coconut Husk Pole,6,65,390,2026-04-22
Coconut Shell Briquettes,7,90,630,2026-04-23
Coconut Cup,3,350,1050,2026-04-23
Coconut Cup,1,350,350,2026-04-24
Coconut Mug,1,350,350,2026-04-25
Large Woven Rattan Storage,2,450,900,2026-04-26
Large Woven Rattan Storage,3,450,1350,2026-04-26
Plant Stand,2,200,400,2026-04-27
Plant Stand,2,200,400,2026-04-28
Chopped Coconut Husk,4,30,120,2026-04-28
Screened Coco Peat,9,250,2250,2026-04-29
Screened Coco Peat,9,250,2250,2026-04-30
Coconut Cup,3,350,1050,2026-05-01
Coconut Mug,3,350,1050,2026-05-01
Plant Stand,4,200,800,2026-05-02
Plant Stand,2,200,400,2026-05-03
Organic Fertilizer,8,15,120,2026-05-03
Screened Coco Peat,7,250,1750,2026-05-04
Coconut Shell Briquettes,5,90,450,2026-05-05
Coconut Mug,3,350,1050,2026-05-06
Large Woven Rattan Storage,4,450,1800,2026-05-06
Woven Rattan Storage Basket,3,400,1200,2026-05-07
Unscreened Coco Peat,6,200,1200,2026-05-08
Unscreened Coco Peat,7,200,1400,2026-05-08
Coconut Shell Briquettes,7,90,630,2026-05-09
Coconut Shell Briquettes,9,90,810,2026-05-10
Coconut Cup,2,350,700,2026-05-11
Coconut Mug,1,350,350,2026-05-11
Large Woven Rattan Storage,3,450,1350,2026-05-12
Woven Rattan Storage Basket,1,400,400,2026-05-13
Woven Rattan Storage Basket,2,400,800,2026-05-13
Woven Rattan Storage Basket,2,400,800,2026-05-14
Plant Stand,3,200,600,2026-05-15
Coconut Shell Small Spoon,4,75,300,2026-05-15
Screened Coco Peat,9,250,2250,2026-05-16
Screened Coco Peat,6,250,1500,2026-05-17
Screened Coco Peat,10,250,2500,2026-05-18
Large Woven Rattan Storage,4,450,1800,2026-05-18
Coconut Shell Ladle,1,75,75,2026-05-19
Organic Fertilizer,7,15,105,2026-05-20
Unscreened Coco Peat,8,200,1600,2026-05-20
Unscreened Coco Peat,7,200,1400,2026-05-21
Coconut Husk Pole,7,65,455,2026-05-22
Coconut Shell Briquettes,7,90,630,2026-05-23
Large Woven Rattan Storage,3,450,1350,2026-05-23
Large Woven Rattan Storage,4,450,1800,2026-05-24
Plant Stand,2,200,400,2026-05-25
Coconut Husk Pole,6,65,390,2026-05-25
Coconut Shell Briquettes,5,90,450,2026-05-26
Large Woven Rattan Storage,3,450,1350,2026-05-27
Large Woven Rattan Storage,3,450,1350,2026-05-28
Woven Rattan Storage Basket,3,400,1200,2026-05-28
Woven Rattan Storage Basket,1,400,400,2026-05-29
Plant Stand,3,200,600,2026-05-30
Plant Stand,3,200,600,2026-05-30
Plant Stand,3,200,600,2026-05-31
Organic Fertilizer,10,15,150,2026-06-01
Screened Coco Peat,8,250,2000,2026-06-02
Screened Coco Peat,9,250,2250,2026-06-02
Unscreened Coco Peat,10,200,2000,2026-06-03
Woven Rattan Storage Basket,2,400,800,2026-06-04
Screened Coco Peat,9,250,2250,2026-06-04
Unscreened Coco Peat,6,200,1200,2026-06-05
Coconut Coir,7,12,84,2026-06-06
Coconut Wood Spatula,4,75,300,2026-06-07
Woven Rattan Storage Basket,3,400,1200,2026-06-07
Organic Fertilizer,11,15,165,2026-06-08
Screened Coco Peat,10,250,2500,2026-06-09
Unscreened Coco Peat,8,200,1600,2026-06-09
Coconut Shell Briquettes,9,90,810,2026-06-10
Coconut Cup,3,350,1050,2026-06-11
Woven Rattan Storage Basket,1,400,400,2026-06-11
Plant Stand,3,200,600,2026-06-12
Plant Stand,2,200,400,2026-06-13
Unscreened Coco Peat,6,200,1200,2026-06-14
Unscreened Coco Peat,6,200,1200,2026-06-14
Coconut Husk Pole,4,80,320,2026-06-15
Coconut Cup,2,350,700,2026-06-16
Coconut Cup,3,350,1050,2026-06-16
Coconut Mug,1,350,350,2026-06-17
Coconut Coir,7,12,84,2026-06-18
Coconut Husk Pole,5,50,250,2026-06-19
Coconut Bowl,2,20,40,2026-06-19
Large Woven Rattan Storage,3,450,1350,2026-06-20
Woven Rattan Storage Basket,2,400,800,2026-06-21
Plant Stand,2,200,400,2026-06-21
Coconut Shell Ladle,1,75,75,2026-06-22
Organic Fertilizer,9,15,135,2026-06-23
Organic Fertilizer,10,15,150,2026-06-24
Unscreened Coco Peat,8,200,1600,2026-06-24
Plant Stand,3,200,600,2026-06-25
Screened Coco Peat,8,250,2000,2026-06-26
Unscreened Coco Peat,6,200,1200,2026-06-26
Coconut Rope,7,35,245,2026-06-27
Coconut Mug,1,350,350,2026-06-28
Coconut Mug,2,350,700,2026-06-29
Large Woven Rattan Storage,4,450,1800,2026-06-29
Large Woven Rattan Storage,4,450,1800,2026-06-30
Plant Stand,1,200,200,2026-07-01
Screened Coco Peat,10,250,2500,2026-07-01
Screened Coco Peat,9,250,2250,2026-07-02
Unscreened Coco Peat,7,200,1400,2026-07-03
Unscreened Coco Peat,6,200,1200,2026-07-04
Unscreened Coco Peat,6,200,1200,2026-07-04
Coconut Coir,6,12,72,2026-07-05
Coconut Cup,1,350,350,2026-07-06
Coconut Cup,1,350,350,2026-07-06
Coconut Mug,2,350,700,2026-07-07
Large Woven Rattan Storage,3,450,1350,2026-07-08
Large Woven Rattan Storage,3,450,1350,2026-07-08
Woven Rattan Storage Basket,3,400,1200,2026-07-09
Screened Coco Peat,8,250,2000,2026-07-10
Screened Coco Peat,6,250,1500,2026-07-11
Screened Coco Peat,10,250,2500,2026-07-11
Unscreened Coco Peat,6,200,1200,2026-07-12
Coconut Rope,8,35,280,2026-07-13
Coconut Husk Pole,4,50,200,2026-07-13
Coconut Shell Briquettes,5,90,450,2026-07-14
Coconut Cup,1,350,350,2026-07-15
Coconut Cup,3,350,1050,2026-07-16
Coconut Mug,3,350,1050,2026-07-16
Large Woven Rattan Storage,3,450,1350,2026-07-17
Plant Stand,3,200,600,2026-07-18
Organic Fertilizer,8,15,120,2026-07-18
Organic Fertilizer,10,15,150,2026-07-19
Screened Coco Peat,7,250,1750,2026-07-20
Unscreened Coco Peat,7,200,1400,2026-07-21
Coconut Husk Pole,5,35,175,2026-07-21
Coconut Mug,2,350,700,2026-07-22
Large Woven Rattan Storage,2,450,900,2026-07-23
Plant Stand,3,200,600,2026-07-23
Organic Fertilizer,7,15,105,2026-07-24
Screened Coco Peat,8,250,2000,2026-07-25
Unscreened Coco Peat,6,200,1200,2026-07-26
Unscreened Coco Peat,8,200,1600,2026-07-26
Unscreened Coco Peat,10,200,2000,2026-07-27
Coconut Shell Briquettes,8,90,720,2026-07-28
Keychain,2,30,60,2026-07-28
Unscreened Coco Peat,8,200,1600,2026-07-29
Coconut Rope,7,35,245,2026-07-30
Coconut Coir,6,12,72,2026-07-31
Coconut Shell Ladle,4,75,300,2026-07-31
Organic Fertilizer,10,15,150,2026-08-01
Screened Coco Peat,7,250,1750,2026-08-02
Coconut Rope,8,35,280,2026-08-02
Coconut Rope,5,35,175,2026-08-03
Coconut Cup,3,350,1050,2026-08-04
Woven Rattan Storage Basket,1,400,400,2026-08-04
Plant Stand,3,200,600,2026-08-05
Plant Stand,1,200,200,2026-08-06
Screened Coco Peat,7,250,1750,2026-08-07
Coconut Rope,8,35,280,2026-08-07
Coconut Shell Briquettes,6,90,540,2026-08-08
Large Woven Rattan Storage,3,450,1350,2026-08-09
Screened Coco Peat,7,250,1750,2026-08-09
Coconut Coir,10,12,120,2026-08-10
Coconut Husk Pole,5,65,325,2026-08-11
Coconut Husk Pole,7,80,560,2026-08-12
Coconut Shell Briquettes,5,90,450,2026-08-12
Coconut Cup,3,350,1050,2026-08-13
Coconut Cup,3,350,1050,2026-08-14
Large Woven Rattan Storage,3,450,1350,2026-08-14
Woven Rattan Storage Basket,2,400,800,2026-08-15
Woven Rattan Storage Basket,2,400,800,2026-08-16
Coconut Cup,3,350,1050,2026-08-17
Large Woven Rattan Storage,3,450,1350,2026-08-17
Organic Fertilizer,7,15,105,2026-08-18
Organic Fertilizer,11,15,165,2026-08-19
Coconut Rope,9,35,315,2026-08-19
Coconut Rope,6,35,210,2026-08-20
Coconut Cup,2,350,700,2026-08-21
Coconut Mug,3,350,1050,2026-08-22
Large Woven Rattan Storage,4,450,1800,2026-08-22
Woven Rattan Storage Basket,3,400,1200,2026-08-23
Plant Stand,3,200,600,2026-08-24
Chopped Coconut Husk,3,30,90,2026-08-24
Unscreened Coco Peat,6,200,1200,2026-08-25
Unscreened Coco Peat,7,200,1400,2026-08-26
Unscreened Coco Peat,7,200,1400,2026-08-27
Unscreened Coco Peat,8,200,1600,2026-08-27
Coconut Shell Briquettes,6,90,540,2026-08-28
Coconut Cup,1,350,350,2026-08-29
Large Woven Rattan Storage,3,450,1350,2026-08-29
Plant Stand,1,200,200,2026-08-30
Plant Stand,3,200,600,2026-08-31
