t,month,total_sales_php,number_of_orders
1,2021-11,43245,43
2,2021-12,29546,43
3,2022-01,31078,44
4,2022-02,35314,39
5,2022-03,35385,44
6,2022-04,40220,42
7,2022-05,33999,44
8,2022-06,39566,42
9,2022-07,39992,44
10,2022-08,42660,43
11,2022-09,28734,43
12,2022-10,39584,43
13,2022-11,43640,42
14,2022-12,38912,44
15,2023-01,36677,44
16,2023-02,39596,39
17,2023-03,38515,44
18,2023-04,28660,42
19,2023-05,37726,44
20,2023-06,37777,42
21,2023-07,39358,43
22,2023-08,37625,44
23,2023-09,30548,42
24,2023-10,40060,44
25,2023-11,37930,42
26,2023-12,33026,44
27,2024-01,36955,43
28,2024-02,38062,41
29,2024-03,36828,44
30,2024-04,34631,42
31,2024-05,36144,44
32,2024-06,38922,42
33,2024-07,37695,43
34,2024-08,37194,44
35,2024-09,33221,42
36,2024-10,37889,44
37,2024-11,26900,42
38,2024-12,38985,44
39,2025-01,39349,43
40,2025-02,33283,40
41,2025-03,42739,43
42,2025-04,22990,43
43,2025-05,27875,43
44,2025-06,42715,43
45,2025-07,37989,43
46,2025-08,40400,44
47,2025-09,38522,42
48,2025-10,34638,44
49,2025-11,34135,42
50,2025-12,42730,44
51,2026-01,26480,43
52,2026-02,33081,40
53,2026-03,29820,43
54,2026-04,35464,42
55,2026-05,41815,44
56,2026-06,38158,42
57,2026-07,42349,44
58,2026-08,34055,43
