t,month,"Chopped Coconut Husk","Coconut Bowl","Coconut Coir","Coconut Cup","Coconut Husk Hanging Planter","Coconut Husk Pole","Coconut Mug","Coconut Rope","Coconut Shell Briquettes","Coconut Shell Ladle","Coconut Shell Rice Scoop","Coconut Shell Small Spoon","Coconut Wood Spatula","Keychain","Large Woven Rattan Storage","Organic Fertilizer","Plant Stand","Screened Coco Peat","Unscreened Coco Peat","Woven Rattan Storage Basket"
1,2021-11,0,0,0,4,0,21,8,21,25,2,0,0,1,0,2,36,6,46,79,12
2,2021-12,0,0,33,11,1,8,5,20,38,0,3,8,0,3,0,39,6,28,23,12
3,2022-01,3,2,9,8,2,22,4,28,20,3,1,0,0,0,23,20,9,21,17,3
4,2022-02,0,0,7,2,0,42,2,15,35,0,0,0,0,0,6,37,5,64,24,6
5,2022-03,0,0,10,4,0,23,10,31,7,2,4,0,0,0,14,14,9,38,17,14
6,2022-04,6,1,0,6,1,0,4,23,15,0,0,0,0,0,8,11,15,71,25,12
7,2022-05,0,0,17,10,2,11,4,8,5,0,0,0,0,0,18,59,8,20,40,9
8,2022-06,2,0,13,11,1,5,13,13,18,0,0,0,0,0,8,20,1,63,20,12
9,2022-07,2,0,61,7,1,28,1,7,14,0,0,2,0,3,6,9,0,79,26,14
10,2022-08,0,0,0,5,0,16,8,8,0,0,0,0,0,0,13,46,6,52,69,6
11,2022-09,0,3,22,4,0,21,4,22,14,8,0,0,0,0,6,38,2,33,23,13
12,2022-10,3,0,17,4,0,13,4,12,11,0,0,1,0,0,8,26,6,53,40,19
13,2022-11,0,0,0,6,0,30,5,9,22,0,0,0,0,0,11,20,7,71,41,8
14,2022-12,0,0,6,4,0,8,11,14,24,0,0,1,0,4,4,41,12,49,61,3
15,2023-01,2,2,16,15,5,6,5,8,26,0,0,0,0,0,13,15,5,41,16,14
16,2023-02,0,0,8,7,0,0,7,5,9,0,4,0,2,2,10,17,5,51,47,13
17,2023-03,0,3,15,5,0,32,6,30,13,0,0,4,0,0,8,16,6,48,62,1
18,2023-04,4,0,0,15,2,18,9,19,20,3,2,1,2,0,3,17,5,16,34,6
19,2023-05,0,2,8,8,0,27,7,9,21,8,0,0,0,3,14,40,5,32,36,12
20,2023-06,0,0,26,6,0,10,4,28,27,0,0,0,0,0,12,37,7,34,59,6
21,2023-07,0,0,24,8,0,15,1,7,30,3,0,0,0,3,9,10,6,42,55,12
22,2023-08,0,0,0,4,0,7,3,27,19,2,0,0,7,6,7,58,4,48,59,7
23,2023-09,2,0,9,7,1,53,9,10,20,0,0,0,0,0,11,18,2,0,47,11
24,2023-10,0,3,0,5,0,18,11,29,9,0,0,1,0,2,21,22,5,17,61,11
25,2023-11,0,0,0,8,0,0,9,9,25,0,4,2,2,7,17,37,7,36,42,4
26,2023-12,0,0,38,2,0,28,0,23,18,0,0,0,0,0,8,18,20,37,34,9
27,2024-01,0,0,15,4,0,24,15,20,33,0,0,3,0,4,12,19,0,32,43,6
28,2024-02,2,0,16,3,3,19,3,15,32,0,4,1,5,0,4,18,0,65,50,5
29,2024-03,0,0,19,8,0,25,12,15,39,0,0,0,0,0,2,21,4,30,56,9
30,2024-04,0,0,8,5,0,24,3,28,40,0,0,0,0,0,16,23,6,51,14,4
31,2024-05,3,3,42,2,3,16,10,8,28,0,0,2,0,0,6,45,0,50,28,14
32,2024-06,0,0,16,7,0,12,3,21,0,0,0,0,0,0,9,23,17,30,73,10
33,2024-07,0,0,0,11,0,47,11,16,28,0,0,0,2,0,6,10,6,54,32,0
34,2024-08,2,2,17,0,3,10,4,5,30,0,0,1,3,0,12,16,13,50,33,11
35,2024-09,8,0,13,1,0,22,8,28,20,0,0,0,2,0,19,29,5,48,18,0
36,2024-10,0,1,27,2,0,21,3,6,25,0,0,2,0,0,15,51,6,38,45,12
37,2024-11,0,1,20,0,0,16,6,46,45,0,0,0,0,0,12,28,3,7,16,17
38,2024-12,0,3,10,7,0,7,9,12,48,0,5,0,0,0,10,9,5,28,59,8
39,2025-01,0,0,7,7,0,22,12,0,11,0,0,0,0,0,19,64,5,55,16,8
40,2025-02,0,0,14,3,0,25,0,28,6,0,0,2,0,0,8,41,10,47,41,7
41,2025-03,0,0,7,5,0,19,4,7,31,1,0,0,0,2,18,11,3,53,49,8
42,2025-04,0,0,25,8,0,12,9,34,26,4,3,0,0,0,7,57,10,14,12,0
43,2025-05,0,1,30,3,0,15,3,25,23,1,4,6,3,0,22,18,15,0,24,7
44,2025-06,2,0,0,5,0,8,4,0,37,0,0,0,2,0,10,27,12,64,55,3
45,2025-07,0,3,17,13,0,6,5,13,14,1,0,0,0,0,14,39,9,57,16,8
46,2025-08,0,2,0,5,4,14,8,6,15,0,0,0,3,4,6,18,6,54,64,6
47,2025-09,0,0,16,10,0,14,11,8,5,0,6,0,6,3,11,16,4,43,41,8
48,2025-10,0,0,9,8,1,4,10,5,20,3,4,0,2,3,12,60,7,40,32,3
49,2025-11,3,0,15,4,1,5,3,23,35,0,0,0,0,2,8,0,14,30,30,18
50,2025-12,0,0,25,9,0,11,2,38,9,0,0,0,0,0,29,9,10,52,38,0
51,2026-01,7,3,30,10,0,6,7,41,14,0,2,4,0,4,7,43,0,17,23,9
52,2026-02,0,0,13,6,0,16,6,20,22,0,2,0,0,3,10,9,17,29,36,6
53,2026-03,0,0,0,8,4,12,4,23,43,0,3,0,0,0,2,78,5,34,35,3
54,2026-04,4,0,7,9,0,11,5,0,27,0,1,0,2,0,8,11,17,58,17,5
55,2026-05,0,0,0,5,0,13,7,0,33,1,0,4,0,0,24,15,20,32,28,12
56,2026-06,0,2,14,8,0,9,4,7,9,1,0,0,4,0,11,40,10,44,50,8
57,2026-07,0,0,12,6,0,9,7,15,13,4,0,0,0,2,11,25,7,58,64,3
58,2026-08,3,0,10,15,0,12,3,36,17,0,0,0,0,0,16,28,11,21,28,8
