training_ends,horizon_months,target_month,actual,forecast_naive,forecast_sma12,forecast_ses_a0_1,forecast_linear_regression,forecast_classical_decomposition
2024-04,1,2024-05,36144,34631,36710.5,36899.81,36730.55,36555.56
2024-04,2,2024-06,38922,34631,36710.5,36899.81,36722.09,39516.23
2024-04,3,2024-07,37695,34631,36710.5,36899.81,36713.63,40384.45
2024-05,1,2024-06,38922,36144,36578.67,36824.23,36646.41,39519.58
2024-05,2,2024-07,37695,36144,36578.67,36824.23,36634.4,40376
2024-05,3,2024-08,37194,36144,36578.67,36824.23,36622.4,40648.7
2024-06,1,2024-07,37695,38922,36674.08,37034.01,36918.85,40430.14
2024-06,2,2024-08,37194,38922,36674.08,37034.01,36919.78,40694.28
2024-06,3,2024-09,33221,38922,36674.08,37034.01,36920.7,30074.43
2024-07,1,2024-08,37194,37695,36535.5,37100.11,37013.85,40312.69
2024-07,2,2024-09,33221,37695,36535.5,37100.11,37018.93,29782.44
2024-07,3,2024-10,37889,37695,36535.5,37100.11,37024,40074.67
2024-08,1,2024-09,33221,37194,36499.58,37109.5,37040.12,29525.57
2024-08,2,2024-10,37889,37194,36499.58,37109.5,37046.11,39713.22
2024-08,3,2024-11,26900,37194,36499.58,37109.5,37052.09,40693.82
2024-09,1,2024-10,37889,33221,36722.33,36720.65,36609.64,40317.45
2024-09,2,2024-11,26900,33221,36722.33,36720.65,36597.43,41336.91
2024-09,3,2024-12,38985,33221,36722.33,36720.65,36585.23,36434.95
2024-10,1,2024-11,26900,37889,36541.42,36837.48,36739.58,40714.5
2024-10,2,2024-12,38985,37889,36541.42,36837.48,36733.14,35880.79
2024-10,3,2025-01,39349,37889,36541.42,36837.48,36726.7,36846.88
2024-11,1,2024-12,38985,26900,35622.25,35843.73,35669.41,34534.04
2024-11,2,2025-01,39349,26900,35622.25,35843.73,35620.98,35410.98
2024-11,3,2025-02,33283,26900,35622.25,35843.73,35572.55,37454.41
2024-12,1,2025-01,39349,38985,36118.83,36157.86,35969.99,35856.69
2024-12,2,2025-02,33283,38985,36118.83,36157.86,35934.98,37945.84
2024-12,3,2025-03,42739,38985,36118.83,36157.86,35899.97,36811.18
2025-01,1,2025-02,33283,39349,36318.33,36476.97,36281.55,38356.06
2025-01,2,2025-03,42739,39349,36318.33,36476.97,36259.54,37223.34
2025-01,3,2025-04,22990,39349,36318.33,36476.97,36237.53,31250.59
2025-02,1,2025-03,42739,33283,35920.08,36157.58,35959.68,36778.01
2025-02,2,2025-04,22990,33283,35920.08,36157.58,35926.7,30861.74
2025-02,3,2025-05,27875,33283,35920.08,36157.58,35893.72,35369.27
2025-03,1,2025-04,22990,42739,36412.67,36815.72,36588.1,31184.69
2025-03,2,2025-05,27875,42739,36412.67,36815.72,36578.74,35757.13
2025-03,3,2025-06,42715,42739,36412.67,36815.72,36569.38,38641.43
2025-04,1,2025-05,27875,22990,35442.58,35433.15,35283.68,34878.46
2025-04,2,2025-06,42715,22990,35442.58,35433.15,35229.15,37658.14
2025-04,3,2025-07,37989,22990,35442.58,35433.15,35174.61,37607.31
2025-05,1,2025-06,42715,27875,34753.5,34677.33,34539.97,37053.73
2025-05,2,2025-07,37989,27875,34753.5,34677.33,34461.94,36966.27
2025-05,3,2025-08,40400,27875,34753.5,34677.33,34383.91,36905.42
2025-06,1,2025-07,37989,42715,35069.58,35481.1,35205.12,37344.64
2025-06,2,2025-08,40400,42715,35069.58,35481.1,35151.86,37302.79
2025-06,3,2025-09,38522,42715,35069.58,35481.1,35098.61,29354.22
2025-07,1,2025-08,40400,37989,35094.08,35731.89,35399.32,37235.16
2025-07,2,2025-09,38522,37989,35094.08,35731.89,35354.13,29303.03
2025-07,3,2025-10,34638,37989,35094.08,35731.89,35308.94,37245.35
2025-08,1,2025-09,38522,40400,35361.25,36198.7,35788.97,29586.24
2025-08,2,2025-10,34638,40400,35361.25,36198.7,35757.66,37613.54
2025-08,3,2025-11,34135,40400,35361.25,36198.7,35726.35,34797.96
2025-09,1,2025-10,34638,38522,35803,36431.03,35990.26,38395.06
2025-09,2,2025-11,34135,38522,35803,36431.03,35966.22,35550.16
2025-09,3,2025-12,42730,38522,35803,36431.03,35942.18,36603.93
2025-10,1,2025-11,34135,34638,35532.08,36251.73,35853.53,35439.67
2025-10,2,2025-12,42730,34638,35532.08,36251.73,35826.04,36477.07
2025-10,3,2026-01,26480,34638,35532.08,36251.73,35798.55,37118.15
2025-11,1,2025-12,42730,34135,36135,36040.05,35685.75,36506.92
2025-11,2,2026-01,26480,34135,36135,36040.05,35654.05,37144.5
2025-11,3,2026-02,33081,34135,36135,36040.05,35622.35,36390.91
2025-12,1,2026-01,26480,42730,36447.08,36709.05,36217.59,37559.83
2025-12,2,2026-02,33081,42730,36447.08,36709.05,36202.47,36812.49
2025-12,3,2026-03,29820,42730,36447.08,36709.05,36187.34,39145.24
2026-01,1,2026-02,33081,26480,35374.67,35686.14,35438.73,35962.36
2026-01,2,2026-03,29820,26480,35374.67,35686.14,35401.58,38214.56
2026-01,3,2026-04,35464,26480,35374.67,35686.14,35364.42,27759.77
2026-02,1,2026-03,29820,33081,35357.83,35425.63,35220.21,37912.42
2026-02,2,2026-04,35464,33081,35357.83,35425.63,35177.93,27534.92
2026-02,3,2026-05,41815,33081,35357.83,35425.63,35135.64,32577.82
2026-03,1,2026-04,35464,29820,34281.25,34865.07,34770.36,26848.05
2026-03,2,2026-05,41815,29820,34281.25,34865.07,34716.75,31746.29
2026-03,3,2026-06,38158,29820,34281.25,34865.07,34663.14,37104.73
2026-04,1,2026-05,41815,35464,35320.75,34924.96,34768.13,32551.78
2026-04,2,2026-06,38158,35464,35320.75,34924.96,34715.92,38072.65
2026-04,3,2026-07,42349,35464,35320.75,34924.96,34663.72,36974.7
2026-05,1,2026-06,38158,41815,36482.42,35613.96,35228.42,38875.8
2026-05,2,2026-07,42349,41815,36482.42,35613.96,35189.94,37775.64
2026-05,3,2026-08,34055,41815,36482.42,35613.96,35151.46,38510.22
