period,X,total_sales,orders
"Week of Nov 01, 2021",1,9180,10
"Week of Nov 08, 2021",2,8640,10
"Week of Nov 15, 2021",3,12110,10
"Week of Nov 22, 2021",4,10850,10
"Week of Nov 29, 2021",5,9493,10
"Week of Dec 06, 2021",6,6829,10
"Week of Dec 13, 2021",7,5625,9
"Week of Dec 20, 2021",8,7370,10
"Week of Dec 27, 2021",9,5269,10
"Week of Jan 03, 2022",10,9013,10
"Week of Jan 10, 2022",11,7735,10
"Week of Jan 17, 2022",12,7220,10
"Week of Jan 24, 2022",13,4310,10
"Week of Jan 31, 2022",14,5495,9
"Week of Feb 07, 2022",15,7999,10
"Week of Feb 14, 2022",16,8755,10
"Week of Feb 21, 2022",17,12090,10
"Week of Feb 28, 2022",18,7320,10
"Week of Mar 07, 2022",19,8050,10
"Week of Mar 14, 2022",20,9280,10
"Week of Mar 21, 2022",21,9495,9
"Week of Mar 28, 2022",22,5970,10
"Week of Apr 04, 2022",23,8580,10
"Week of Apr 11, 2022",24,13065,10
"Week of Apr 18, 2022",25,5425,10
"Week of Apr 25, 2022",26,9875,10
"Week of May 02, 2022",27,4860,9
"Week of May 09, 2022",28,8730,10
"Week of May 16, 2022",29,7545,10
"Week of May 23, 2022",30,10405,10
"Week of May 30, 2022",31,10449,10
"Week of Jun 06, 2022",32,10485,10
"Week of Jun 13, 2022",33,9185,10
"Week of Jun 20, 2022",34,7779,9
"Week of Jun 27, 2022",35,11922,10
"Week of Jul 04, 2022",36,8095,10
"Week of Jul 11, 2022",37,6580,10
"Week of Jul 18, 2022",38,10083,10
"Week of Jul 25, 2022",39,7184,10
"Week of Aug 01, 2022",40,8660,10
"Week of Aug 08, 2022",41,8995,9
"Week of Aug 15, 2022",42,8135,10
"Week of Aug 22, 2022",43,10720,10
"Week of Aug 29, 2022",44,10325,10
"Week of Sep 05, 2022",45,6000,10
"Week of Sep 12, 2022",46,9190,10
"Week of Sep 19, 2022",47,4479,10
"Week of Sep 26, 2022",48,5595,9
"Week of Oct 03, 2022",49,8725,10
"Week of Oct 10, 2022",50,10805,10
"Week of Oct 17, 2022",51,8850,10
"Week of Oct 24, 2022",52,10289,10
"Week of Oct 31, 2022",53,9985,10
"Week of Nov 07, 2022",54,6105,9
"Week of Nov 14, 2022",55,14880,10
"Week of Nov 21, 2022",56,7780,10
"Week of Nov 28, 2022",57,7760,10
"Week of Dec 05, 2022",58,10260,10
"Week of Dec 12, 2022",59,11350,10
"Week of Dec 19, 2022",60,6290,10
"Week of Dec 26, 2022",61,8424,9
"Week of Jan 02, 2023",62,11090,10
"Week of Jan 09, 2023",63,8625,10
"Week of Jan 16, 2023",64,5620,10
"Week of Jan 23, 2023",65,7870,10
"Week of Jan 30, 2023",66,11860,10
"Week of Feb 06, 2023",67,11005,10
"Week of Feb 13, 2023",68,8871,9
"Week of Feb 20, 2023",69,7150,10
"Week of Feb 27, 2023",70,12985,10
"Week of Mar 06, 2023",71,7735,10
"Week of Mar 13, 2023",72,7340,10
"Week of Mar 20, 2023",73,8399,10
"Week of Mar 27, 2023",74,7841,10
"Week of Apr 03, 2023",75,8125,9
"Week of Apr 10, 2023",76,6505,10
"Week of Apr 17, 2023",77,5535,10
"Week of Apr 24, 2023",78,6820,10
"Week of May 01, 2023",79,10255,10
"Week of May 08, 2023",80,11075,10
"Week of May 15, 2023",81,6231,9
"Week of May 22, 2023",82,4585,10
"Week of May 29, 2023",83,9170,10
"Week of Jun 05, 2023",84,9988,10
"Week of Jun 12, 2023",85,8660,10
"Week of Jun 19, 2023",86,9640,10
"Week of Jun 26, 2023",87,8949,10
"Week of Jul 03, 2023",88,10408,9
"Week of Jul 10, 2023",89,11875,10
"Week of Jul 17, 2023",90,5280,10
"Week of Jul 24, 2023",91,8395,10
"Week of Jul 31, 2023",92,7760,10
"Week of Aug 07, 2023",93,9490,10
"Week of Aug 14, 2023",94,7255,10
"Week of Aug 21, 2023",95,7215,9
"Week of Aug 28, 2023",96,9705,10
"Week of Sep 04, 2023",97,6528,10
"Week of Sep 11, 2023",98,8105,10
"Week of Sep 18, 2023",99,8120,10
"Week of Sep 25, 2023",100,6845,10
"Week of Oct 02, 2023",101,13130,10
"Week of Oct 09, 2023",102,9165,9
"Week of Oct 16, 2023",103,5620,10
"Week of Oct 23, 2023",104,5695,10
"Week of Oct 30, 2023",105,11615,10
"Week of Nov 06, 2023",106,5275,10
"Week of Nov 13, 2023",107,8010,10
"Week of Nov 20, 2023",108,8130,9
"Week of Nov 27, 2023",109,12250,10
"Week of Dec 04, 2023",110,9100,10
"Week of Dec 11, 2023",111,9610,10
"Week of Dec 18, 2023",112,5711,10
"Week of Dec 25, 2023",113,5205,10
"Week of Jan 01, 2024",114,9305,10
"Week of Jan 08, 2024",115,7695,9
"Week of Jan 15, 2024",116,9395,10
"Week of Jan 22, 2024",117,9606,10
"Week of Jan 29, 2024",118,4744,10
"Week of Feb 05, 2024",119,12875,10
"Week of Feb 12, 2024",120,6598,10
"Week of Feb 19, 2024",121,10279,10
"Week of Feb 26, 2024",122,8550,9
"Week of Mar 04, 2024",123,9375,10
"Week of Mar 11, 2024",124,8058,10
"Week of Mar 18, 2024",125,9295,10
"Week of Mar 25, 2024",126,6070,10
"Week of Apr 01, 2024",127,6250,10
"Week of Apr 08, 2024",128,7005,9
"Week of Apr 15, 2024",129,10661,10
"Week of Apr 22, 2024",130,8470,10
"Week of Apr 29, 2024",131,7955,10
"Week of May 06, 2024",132,6538,10
"Week of May 13, 2024",133,8150,10
"Week of May 20, 2024",134,7411,10
"Week of May 27, 2024",135,11735,9
"Week of Jun 03, 2024",136,9150,10
"Week of Jun 10, 2024",137,8223,10
"Week of Jun 17, 2024",138,11534,10
"Week of Jun 24, 2024",139,6615,10
"Week of Jul 01, 2024",140,10245,10
"Week of Jul 08, 2024",141,8935,10
"Week of Jul 15, 2024",142,7770,9
"Week of Jul 22, 2024",143,8225,10
"Week of Jul 29, 2024",144,4940,10
"Week of Aug 05, 2024",145,7296,10
"Week of Aug 12, 2024",146,7550,10
"Week of Aug 19, 2024",147,7108,10
"Week of Aug 26, 2024",148,13340,10
"Week of Sep 02, 2024",149,5289,9
"Week of Sep 09, 2024",150,9747,10
"Week of Sep 16, 2024",151,9375,10
"Week of Sep 23, 2024",152,8125,10
"Week of Sep 30, 2024",153,10100,10
"Week of Oct 07, 2024",154,10315,10
"Week of Oct 14, 2024",155,5858,9
"Week of Oct 21, 2024",156,7449,10
"Week of Oct 28, 2024",157,5327,10
"Week of Nov 04, 2024",158,4850,10
"Week of Nov 11, 2024",159,6760,10
"Week of Nov 18, 2024",160,8645,10
"Week of Nov 25, 2024",161,8350,10
"Week of Dec 02, 2024",162,5635,9
"Week of Dec 09, 2024",163,9810,10
"Week of Dec 16, 2024",164,7435,10
"Week of Dec 23, 2024",165,11550,10
"Week of Dec 30, 2024",166,9425,10
"Week of Jan 06, 2025",167,6759,10
"Week of Jan 13, 2025",168,8335,10
"Week of Jan 20, 2025",169,9635,9
"Week of Jan 27, 2025",170,7605,10
"Week of Feb 03, 2025",171,8535,10
"Week of Feb 10, 2025",172,11575,10
"Week of Feb 17, 2025",173,6806,10
"Week of Feb 24, 2025",174,9762,10
"Week of Mar 03, 2025",175,11805,10
"Week of Mar 10, 2025",176,8860,9
"Week of Mar 17, 2025",177,9679,10
"Week of Mar 24, 2025",178,6645,10
"Week of Mar 31, 2025",179,5285,10
"Week of Apr 07, 2025",180,5876,10
"Week of Apr 14, 2025",181,7955,10
"Week of Apr 21, 2025",182,2349,9
"Week of Apr 28, 2025",183,7559,10
"Week of May 05, 2025",184,4180,10
"Week of May 12, 2025",185,6439,10
"Week of May 19, 2025",186,7819,10
"Week of May 26, 2025",187,7203,10
"Week of Jun 02, 2025",188,12710,10
"Week of Jun 09, 2025",189,7720,9
"Week of Jun 16, 2025",190,7835,10
"Week of Jun 23, 2025",191,10450,10
"Week of Jun 30, 2025",192,9300,10
"Week of Jul 07, 2025",193,8150,10
"Week of Jul 14, 2025",194,8830,10
"Week of Jul 21, 2025",195,9099,10
"Week of Jul 28, 2025",196,7660,9
"Week of Aug 04, 2025",197,7580,10
"Week of Aug 11, 2025",198,5285,10
"Week of Aug 18, 2025",199,10935,10
"Week of Aug 25, 2025",200,13550,10
"Week of Sep 01, 2025",201,7246,10
"Week of Sep 08, 2025",202,10020,10
"Week of Sep 15, 2025",203,7745,9
"Week of Sep 22, 2025",204,9461,10
"Week of Sep 29, 2025",205,9765,10
"Week of Oct 06, 2025",206,10610,10
"Week of Oct 13, 2025",207,8540,10
"Week of Oct 20, 2025",208,5198,10
"Week of Oct 27, 2025",209,6455,9
"Week of Nov 03, 2025",210,7124,10
"Week of Nov 10, 2025",211,6516,10
"Week of Nov 17, 2025",212,10160,10
"Week of Nov 24, 2025",213,8455,10
"Week of Dec 01, 2025",214,9730,10
"Week of Dec 08, 2025",215,6756,10
"Week of Dec 15, 2025",216,7104,9
"Week of Dec 22, 2025",217,13230,10
"Week of Dec 29, 2025",218,10135,10
"Week of Jan 05, 2026",219,5491,10
"Week of Jan 12, 2026",220,5800,10
"Week of Jan 19, 2026",221,3854,10
"Week of Jan 26, 2026",222,9920,10
"Week of Feb 02, 2026",223,8760,9
"Week of Feb 09, 2026",224,7426,10
"Week of Feb 16, 2026",225,6710,10
"Week of Feb 23, 2026",226,7775,10
"Week of Mar 02, 2026",227,6555,10
"Week of Mar 09, 2026",228,8035,10
"Week of Mar 16, 2026",229,6265,10
"Week of Mar 23, 2026",230,7310,9
"Week of Mar 30, 2026",231,8735,10
"Week of Apr 06, 2026",232,7245,10
"Week of Apr 13, 2026",233,8015,10
"Week of Apr 20, 2026",234,7304,10
"Week of Apr 27, 2026",235,8840,10
"Week of May 04, 2026",236,10290,9
"Week of May 11, 2026",237,9050,10
"Week of May 18, 2026",238,11715,10
"Week of May 25, 2026",239,7340,10
"Week of Jun 01, 2026",240,12234,10
"Week of Jun 08, 2026",241,9925,10
"Week of Jun 15, 2026",242,5344,10
"Week of Jun 22, 2026",243,6355,9
"Week of Jun 29, 2026",244,13122,10
"Week of Jul 06, 2026",245,12500,10
"Week of Jul 13, 2026",246,5600,10
"Week of Jul 20, 2026",247,10430,10
"Week of Jul 27, 2026",248,7177,10
"Week of Aug 03, 2026",249,8095,10
"Week of Aug 10, 2026",250,6505,9
"Week of Aug 17, 2026",251,7945,10
"Week of Aug 24, 2026",252,8730,10
"Week of Aug 31, 2026",253,600,1
